name,category,address,hours,rating,avg_bill,middle_coffee_cup
Theobroma,кофейня,"Санкт-Петербург, ул. Большая Зеленина 34",Пн–Вс: C 13:00 — до последнего гостя,8.8,Средний чек 1600 р. без напитков,
Астаманьяна,кофейня,"Санкт-Петербург, Получите расширенный доступ к странице",,,Средний чек 1000 р. без напитков,
Caribia,кофейня,"Санкт-Петербург, ул. 2-я Советская 12","Пн–Чт: 10:00 — 23:00, Пт–Сб: 10:00 — 00:00, Вс: 10:00 — 23:00",9.5,Средний чек 1500 р. без напитков,
Рок остров,кофейня,"Санкт-Петербург, ул. Кирочная 8а","Пн–Пт: 08:00 — 20:00, Сб–Вс: 09:00 — 20:00",0,Средний чек 300 р. без напитков,
Тройка,кофейня,"Санкт-Петербург, пр. Загородный  27",Пн–Вс: 09:00 — 21:00,9.3,,
Midi Modi,кофейня,"Санкт-Петербург, ул. Некрасова 40",Пн–Вс: 10:00 — 00:00,7.6,Средний чек 700 р. без напитков,
Кофейня №1,кофейня,"Санкт-Петербург, пер. Кирпичный 3","Пн–Чт: 10:00 — 23:30, Пт–Сб: 10:00 — 02:00, Вс: 10:00 — 23:30",8.4,Средний чек 1000 р. без напитков,
Хороший день,кофейня,"Санкт-Петербург, пр. Римского-Корсакова 31",Пн–Вс: 08:00 — 21:00,10,Средний чек 600 р. без напитков,
Civil,кофейня,"Санкт-Петербург, ул. 8-я Советская 4","Пн–Чт: 09:00 — 21:00, Пт–Сб: 09:00 — 22:00, Вс: 09:00 — 21:00",8.3,Средний чек 500 р. без напитков,
Peche,кофейня,"Санкт-Петербург, ул. Маяковского 56",Пн–Вс: 09:00 — 23:00,8.1,Средний чек 1000 р. без напитков,
Bonch,кофейня,"Санкт-Петербург, ул. Б. Морская 16","Пн–Пт: 09:00 — 23:00, Сб–Вс: 11:00 — 23:00",7.6,Средний чек 500 р. без напитков,
Нежно,кофейня,"Санкт-Петербург, ул. Большая Зеленина 21","Пн: 10:00 — 21:00, Вт: 11:00 — 21:00, Ср–Вс: 10:00 — 21:00",9,Средний чек 300 р. без напитков,
Смена,кофейня,"Санкт-Петербург, пер. Басков 20","Пн–Пт: 09:00 — 20:00, Сб–Вс: 11:00 — 20:00",8.9,Средний чек 1000 р. без напитков,
Mer Kaffe,кофейня,"Санкт-Петербург, Большой пр. В.О 18",Пн–Вс: 08:30 — 22:00,8.2,Средний чек 900 р. без напитков,
Вкус искусства,кофейня,"Санкт-Петербург, Суворовский пр. 15",Пн–Вс: 10:00 — 22:00,8.2,Средний чек 1000 р. без напитков,
Gran,кофейня,"Санкт-Петербург, ул. Гороховая 46","Пн–Пт: 09:00 — 21:00, Сб–Вс: 10:00 — 21:00",8.5,Средний чек 1100 р. без напитков,
ТЧК,кофейня,"Санкт-Петербург, пр-т Каменноостровский 18/11","Пн–Пт: 08:30 — 21:00, Сб–Вс: 10:00 — 21:00",9.3,Средний чек 250 р. без напитков,
Mountain Coffee,кофейня,"Санкт-Петербург, ул. Моисеенко 27",,9.1,Средний чек 500 р. без напитков,
Sibaristica,кофейня,"Санкт-Петербург, наб. Обводного канала 199","Пн–Пт: 08:30 — 21:00, Сб–Вс: 10:00 — 21:00",9.2,Средний чек 1100 р. без напитков,
2A Concept,кофейня,"Санкт-Петербург, ул. Гороховая 49",Пн–Вс: 09:00 — 22:00,8.6,Средний чек 500 р. без напитков,
Coffee 3,кофейня,"Санкт-Петербург, наб. реки Карповки 5АК","Пн–Чт: 10:00 — 22:00, Пт–Сб: 10:00 — 23:00, Вс: 10:00 — 22:00",8,Средний чек 400 р. без напитков,
Chloe Cafe,кофейня,"Санкт-Петербург, В.О. пр. Малый 9","Пн–Пт: 10:00 — 22:00, Сб–Вс: 10:00 — 23:00",8.2,Средний чек 500 р. без напитков,
Щегол,кофейня,"Санкт-Петербург, ул. Радищева 38/20","Пн–Пт: 09:00 — 21:00, Сб–Вс: 10:00 — 21:00",8.7,Средний чек 250 р. без напитков,
Британские пекарни,кофейня,"Санкт-Петербург, пр. Новочеркасский 41",Пн–Вс: 10:00 — 22:00,7.8,Средний чек 350 р. без напитков,
Le Moniteur,кофейня,"Санкт-Петербург, В.О. Кадетская линия 31","Пн–Сб: 10:00 — 20:00, Вс: 11:00 — 20:00",8.8,Средний чек 550 р. без напитков,
Skuratov Coffee,кофейня,"Санкт-Петербург, ул. Малая Конюшенная 14",Пн–Вс: 06:55 — 23:05,8.6,Средний чек 300 р. без напитков,
Studio 212 Cafe,кофейня,"Санкт-Петербург, 6-я Красноармейская ул. 1",Пн–Вс: 10:00 — 22:00,8.6,Средний чек 450 р. без напитков,
Чайникофф,кофейня,"Санкт-Петербург, пр. Чернышевского 13",Пн–Вс: Круглосуточно,8.8,Средний чек 365 р. без напитков,
1886 Bonomi,кофейня,"Санкт-Петербург, пр. Невский 104",Пн–Вс: 09:00 — 21:00,8.7,Средний чек 200 р. без напитков,
Coffee Room,кофейня,"Санкт-Петербург, пр. Каменноостровский 22/11","Пн–Пт: 09:00 — 23:00, Сб–Вс: 10:00 — 23:00",7.9,Средний чек 800 р. без напитков,
Black coffee Co.,кофейня,"Санкт-Петербург, пр. Каменноостровский 13","Пн–Чт: 08:00 — 22:00, Пт–Сб: 09:30 — 21:00, Вс: 08:00 — 22:00",8.7,Средний чек 200 р. без напитков,
Pan&Cake,кофейня,"Санкт-Петербург, ул. Мира 7Г",Пн–Вс: 08:00 — 21:00,8.1,Средний чек 400 р. без напитков,
Pitcher,кофейня,"Санкт-Петербург, ул. Марата 2","Пн–Пт: 08:00 — 22:00, Сб–Вс: 10:00 — 22:00",8.8,Средний чек 200 р. без напитков,
Etlon Coffee,кофейня,"Санкт-Петербург, ул. 2-я Красноармейская 3","Пн–Пт: 08:00 — 21:00, Сб–Вс: 09:00 — 20:00",6.3,Средний чек 200 р. без напитков,
Займемся кофе,кофейня,"Санкт-Петербург, ул. Б. Пушкарская 28","Пн–Пт: 08:00 — 21:00, Сб–Вс: 10:00 — 21:00",8.2,Средний чек 100 р. без напитков,
Surf Coffee,кофейня,"Санкт-Петербург, ул. Гороховая 34",Пн–Вс: 08:00 — 23:00,8.3,Средний чек 300 р. без напитков,
Babe's Bakery,кофейня,"Санкт-Петербург, ул. Марата 30","Пн–Пт: 09:00 — 21:00, Сб–Вс: 10:00 — 21:00",8,Средний чек 200 р. без напитков,
Bolshecoffee Roasters,кофейня,"Санкт-Петербург, ул. Марата 22-24",Пн–Вс: 09:00 — 21:00,8,Средний чек 150 р. без напитков,
Кофелософия,кофейня,"Санкт-Петербург, наб. канала Грибоедова 106",Пн–Вс: 09:00 — 21:00,8.3,Средний чек 200 р. без напитков,
Характер кофе,кофейня,"Санкт-Петербург, наб. Фонтанки 109","Пн–Пт: 09:00 — 21:00, Сб: 10:00 — 21:00, Вс: 10:00 — 20:00",8,Средний чек 300 р. без напитков,
Kiosk 59,кофейня,"Санкт-Петербург, наб. реки Фонтанки 59","Пн–Пт: 08:00 — 22:00, Сб–Вс: 09:00 — 22:00",8.2,Средний чек 200 р. без напитков,
Verle,кофейня,"Санкт-Петербург, Каменноостровский проспект 25/2",Пн–Вс: 10:00 — 21:00,7.3,Средний чек 350 р. без напитков,
Мой хлебный,кофейня,"Санкт-Петербург, пр. Большевиков 15",Пн–Вс: 09:00 — 21:00,7.8,Средний чек 100 р. без напитков,
Hogan Coffee,кофейня,"Санкт-Петербург, пер. Биржевой 4","Пн–Пт: 09:00 — 21:00, Сб: 10:00 — 20:00, Вс: Выходной",8.1,Средний чек 200 р. без напитков,
Coffee 22,кофейня,"Санкт-Петербург, ул. Казанская 22","Пн–Пт: 08:30 — 23:00, Сб–Вс: 10:00 — 23:00",7.4,Средний чек 1400 р. без напитков,
Mr. Black,кофейня,"Санкт-Петербург, ул. Гороховая 25","Пн–Пт: 08:00 — 23:00, Сб–Вс: 09:00 — 23:00",6.6,Средний чек 200 р. без напитков,
Fan of Donuts,кофейня,"Санкт-Петербург, ул. Рубинштейна 26а",Пн–Вс: 09:00 — 22:00,8,Средний чек 200 р. без напитков,
Музей кофе,кофейня,"Санкт-Петербург, наб. Робеспьера 14","Пн: Выходной, Вт–Вс: 11:00 — 20:00",7.8,Средний чек 200 р. без напитков,
"Знакомьтесь, Джо!",кофейня,"Санкт-Петербург, пр. Литейный 57",Пн–Вс: 10:00 — 21:00,7.5,Средний чек 200 р. без напитков,
Кофеварим,кофейня,"Санкт-Петербург, пр. Энгельса 124",Пн–Вс: 08:00 — 23:00,7.5,Средний чек 200 р. без напитков,
Medici,ресторан,"Санкт-Петербург, пр. Медиков 10к1","Пн–Чт: 12:00 — 23:00, Пт–Сб: 12:00 — 01:00, Вс: 12:00 — 23:00",8.5,Средний чек 1400 р. без напитков,
Ripasso,ресторан,"Санкт-Петербург, ул. Большая Монетная 16","Пн–Чт: 11:00 — 23:00, Пт–Сб: 11:00 — 00:00, Вс: 11:00 — 23:00",8,Средний чек 1500 р. без напитков,
Amo,ресторан,"Санкт-Петербург, ул. Ропшинская 1/32",Пн–Вс: C 10:00 — до последнего гостя,8.3,Средний чек 1800 р. без напитков,
Romeo's,ресторан,"Санкт-Петербург, пр. Римского-Корсакова 43","Пн–Чт: 11:00 — 23:00, Пт–Сб: 11:00 — 00:00, Вс: 11:00 — 23:00",7.5,Средний чек 1800 р. без напитков,
Arancino,ресторан,"Санкт-Петербург, ул. Малая Конюшенная 14","Пн–Чт: 12:00 — 23:00, Пт–Сб: 12:00 — 00:00, Вс: 12:00 — 23:00",7.8,Средний чек 1800 р. без напитков,
Tetto,ресторан,"Санкт-Петербург, Большой проспект П.С. 84","Пн–Чт: 12:00 — 00:00, Пт–Сб: 12:00 — 01:00, Вс: 12:00 — 12:00",8.9,Средний чек 1600 р. без напитков,
Peperoni,ресторан,"Санкт-Петербург, ул. Смоленская 10",Пн–Вс: 11:00 — 23:00,7.9,Средний чек 1400 р. без напитков,
Faces Cafe,ресторан,"Санкт-Петербург, Морской проспект 29",Пн–Вс: 08:30 — 23:00,6.6,Средний чек 2300 р. без напитков,
Little Italy,ресторан,"Санкт-Петербург, ул. Итальянская 10/5","Пн–Чт: 11:00 — 23:00, Пт–Сб: 11:00 — 00:00, Вс: 11:00 — 23:00",7,Средний чек 1300 р. без напитков,
Chelentano,ресторан,"Санкт-Петербург, бульвар Октябрьский 5","Пн–Чт: 08:00 — 01:00, Пт–Сб: 08:00 — 04:00, Вс: 08:00 — 01:00",8.3,Средний чек 1400 р. без напитков,
Марчеллис,ресторан,"Санкт-Петербург, пр. Космонавтов 39/27","Пн–Чт: 12:00 — 23:00, Пт–Сб: 12:00 — 00:00, Вс: 12:00 — 23:00",7.2,Средний чек 1200 р. без напитков,
Mircuccio Osteria,ресторан,"Санкт-Петербург, ул. Моисеенко 27",Пн–Вс: 12:00 — 23:00,8.1,Средний чек 2000 р. без напитков,
Hype’s Pasta & Lounge,ресторан,"Санкт-Петербург, Получите расширенный доступ к странице",,,Средний чек 1800 р. без напитков,
Ragu,ресторан,"Санкт-Петербург, Кадетская линия В. О. 9",Пн–Вс: C 11:00 — до последнего гостя,8,Средний чек 1700 р. без напитков,
CHE CAFE,ресторан,"Санкт-Петербург, пер. Гривцова 26","Пн–Чт: 09:00 — 23:00, Пт: 09:00 — 02:00, Сб: 10:00 — 02:00, Вс: 10:00 — 23:00",0,Средний чек 1200 р. без напитков,
Percorso,ресторан,"Санкт-Петербург, Вознесенский проспект 1","Пн: Выходной, Вт–Вс: 17:00 — 00:00",8.5,Средний чек 3600 р. без напитков,
Sapori di Italia,ресторан,"Санкт-Петербург, наб. Мытнинская 7/5",Пн–Вс: 11:00 — 23:00,8.2,Средний чек 1800 р. без напитков,
Il Milanese,ресторан,"Санкт-Петербург, пр. Литейный 7","Пн–Пт: 12:00 — 23:00, Сб–Вс: 13:00 — 23:00",9.1,Средний чек 1400 р. без напитков,
Mina,ресторан,"Санкт-Петербург, Спортивная ул. 2","Пн–Пт: 09:00 — 00:00, Сб–Вс: 10:00 — 00:00",7.1,Средний чек 2800 р. без напитков,
Bronte,ресторан,"Санкт-Петербург, Получите расширенный доступ к странице",,,Средний чек 1600 р. без напитков,
Sapori di Italia,ресторан,"Санкт-Петербург, ул. Итальянская 11","Пн–Чт: 11:00 — 00:00, Пт–Сб: 11:00 — 01:00, Вс: 11:00 — 00:00",8.9,Средний чек 1300 р. без напитков,
CHE CAFE,ресторан,"Санкт-Петербург, Брантовская дорога 3",Пн–Вс: 11:00 — 22:00,7.8,Средний чек 1200 р. без напитков,
Sono Italiano,ресторан,"Санкт-Петербург, ул. Большая Зеленина 34",Пн–Вс: 11:00 — 23:00,0,Средний чек 1350 р. без напитков,
Сыроварня,ресторан,"Санкт-Петербург, пер. Ковенский 5","Пн–Чт: 09:00 — 23:00, Пт–Сб: 09:00 — 00:00, Вс: 09:00 — 23:00",8.7,Средний чек 2850 р. без напитков,
Ponte,ресторан,"Санкт-Петербург, ул. Пестеля 13-15б","Пн–Чт: 09:00 — 23:00, Пт–Сб: 09:00 — 01:00, Вс: 09:00 — 23:00",6,Средний чек 1300 р. без напитков,
La Biga Italian bistro,ресторан,"Санкт-Петербург, ул. Гороховая 16/71","Пн–Чт: 09:00 — 23:00, Пт–Сб: 09:00 — 00:00, Вс: 09:00 — 23:00",8.8,Средний чек 1500 р. без напитков,
Uva,ресторан,"Санкт-Петербург, ул. Социалистическая 21",Пн–Вс: 10:00 — 23:00,8.8,Средний чек 1800 р. без напитков,
Ognivo,ресторан,"Санкт-Петербург, Малый проспект В.О. 57","Пн–Пт: 08:30 — 00:00, Сб–Вс: 09:00 — 00:00",7.1,Средний чек 1800 р. без напитков,
Nomad,ресторан,"Санкт-Петербург, ул. Ленина 18/49","Пн–Чт: 11:00 — 00:00, Пт–Сб: 11:00 — 02:00, Вс: 11:00 — 00:00",7.6,Средний чек 2300 р. без напитков,
Bona Capona,ресторан,"Санкт-Петербург, пр. Ветеранов 105",Пн–Вс: C 11:00 — до последнего гостя,9,Средний чек 1200 р. без напитков,
Primi,ресторан,"Санкт-Петербург, Пионерская ул. 1",,9.9,Средний чек 1750 р. без напитков,
Jerome,ресторан,"Санкт-Петербург, ул. Б. Морская 25/11",Пн–Вс: 09:00 — 00:00,8,Средний чек 3000 р. без напитков,
Toscana Grill,ресторан,"Санкт-Петербург, наб. канала Грибоедова 64",Пн–Вс: 10:00 — 00:00,8.8,Средний чек 1600 р. без напитков,
Mario Trattoria,ресторан,"Санкт-Петербург, пр. Адмиралтейский 8",Пн–Вс: 08:00 — 23:00,9.1,Средний чек 2000 р. без напитков,
Ponte,ресторан,"Санкт-Петербург, ул. Рубинштейна 15-17","Пн–Чт: 09:00 — 23:00, Пт–Сб: 09:00 — 01:00, Вс: 09:00 — 23:00",6.5,Средний чек 1600 р. без напитков,
МА,ресторан,"Санкт-Петербург, Московский пр. 200",Пн–Вс: 10:00 — 23:00,8.5,Средний чек 1500 р. без напитков,
Gianni,ресторан,"Санкт-Петербург, Получите расширенный доступ к странице",,,Средний чек 1200 р. без напитков,
МА,ресторан,"Санкт-Петербург, ул. Рубинштейна 7",Пн–Вс: 10:00 — 23:00,8,Средний чек 1500 р. без напитков,
Felichito,ресторан,"Санкт-Петербург, пр-т Вознесенский 28","Пн–Чт: 11:00 — 23:00, Пт–Сб: 11:00 — 00:00, Вс: 11:00 — 23:00",9.7,Средний чек 1000 р. без напитков,
Bona Capona,ресторан,"Санкт-Петербург, Пулковское шоссе 60/1",Пн–Вс: 10:00 — 22:00,0,Средний чек 1200 р. без напитков,
Lorenzo Medici,ресторан,"Санкт-Петербург, Получите расширенный доступ к странице",,,Средний чек 1500 р. без напитков,
Раскольников,ресторан,"Санкт-Петербург, пр-т Владимирский 19",Пн–Вс: 12:00 — 23:00,8.6,Средний чек 1200 р. без напитков,
Cafe People,ресторан,"Санкт-Петербург, пр-т Загородный 15","Пн–Чт: 12:00 — 00:00, Пт–Сб: 12:00 — 01:00, Вс: 12:00 — 23:00",8.3,Средний чек 1200 р. без напитков,
Antico,ресторан,"Санкт-Петербург, ул. Грибалевой 7",Пн–Вс: 12:00 — 21:00,7.2,Средний чек 1300 р. без напитков,
Москва,ресторан,"Санкт-Петербург, Дунайский пр. 21","Пн–Чт: Выходной, Пт–Вс: 18:00 — 05:00",7.3,Средний чек 1200 р. без напитков,
Фабрика,ресторан,"Санкт-Петербург, пр. Заневский 38","Пн–Чт: Выходной, Пт–Вс: 18:00 — 05:00",7.2,Средний чек 1200 р. без напитков,
Лето,ресторан,"Санкт-Петербург, пр-т Просвещения 80к3",Пн–Вс: 12:00 — 23:00,8.1,Средний чек 1000 р. без напитков,
Гагарин,ресторан,"Санкт-Петербург, пр. Испытателей 37","Пн–Чт: Выходной, Пт–Вс: 18:00 — 05:00",7.3,Средний чек 1200 р. без напитков,
AEffect,ресторан,"Санкт-Петербург, ул. Ждановская 45",Пн–Вс: 13:00 — 23:00,7.8,Средний чек 2500 р. без напитков,
Bona Capona,ресторан,"Санкт-Петербург, пр. Московский д. 179",Пн–Вс: C 09:00 — до последнего гостя,8.1,Средний чек 1200 р. без напитков,
Дитай,ресторан,"Санкт-Петербург, пр. Лесной 4","Пн–Чт: 12:30 — 23:00, Пт–Вс: 12:30 — 00:00",8.4,Средний чек 1300 р. без напитков,
Tiger Lily,ресторан,"Санкт-Петербург, Получите расширенный доступ к странице",,,Средний чек 1000 р. без напитков,
Малатан,ресторан,"Санкт-Петербург, пр. Невский 128",Пн–Вс: 11:00 — 23:00,9.8,Средний чек 900 р. без напитков,
Ossu,ресторан,"Санкт-Петербург, ул. Некрасова 21","Пн–Чт: 12:00 — 23:00, Пт–Сб: 12:00 — 00:00, Вс: 12:00 — 23:00",9,Средний чек 1400 р. без напитков,
Малатан,ресторан,"Санкт-Петербург, Казанская ул. 38",Пн–Вс: 11:00 — 23:00,9.6,Средний чек 500 р. без напитков,
Ми Фан,ресторан,"Санкт-Петербург, ул. Беринга 27 корп. 1",Пн–Вс: 12:00 — 23:00,9.1,Средний чек 850 р. без напитков,
Hagao,ресторан,"Санкт-Петербург, наб. Адмиралтейского канала 2",Пн–Вс: 11:00 — 23:00,8.7,Средний чек 1100 р. без напитков,
Bao Chao,ресторан,"Санкт-Петербург, Планерная ул. 59",Пн–Вс: 12:00 — 22:00,9.9,Средний чек 700 р. без напитков,
Mekong,ресторан,"Санкт-Петербург, ул. Садовая 42",Пн–Вс: 12:00 — 23:00,8.5,Средний чек 1500 р. без напитков,
Юми,ресторан,"Санкт-Петербург, ул. Разъезжая 10",Пн–Вс: 11:30 — 23:30,8.9,Средний чек 900 р. без напитков,
Нихао Москва-Пекин,ресторан,"Санкт-Петербург, Аптекарская наб. 8",Пн–Вс: 11:00 — 22:00,8.6,Средний чек 2000 р. без напитков,
Тан Жен,ресторан,"Санкт-Петербург, пр. Ленинский 160",Пн–Вс: 12:00 — 23:00,8.6,Средний чек 800 р. без напитков,
Ramen Shifu,ресторан,"Санкт-Петербург, В.О. 8-я линия 15",Пн–Вс: 11:00 — 21:45,8.5,Средний чек 800 р. без напитков,
Цзао Ван,ресторан,"Санкт-Петербург, ул. Перекопская 5",Пн–Вс: 12:00 — 00:00,8.2,Средний чек 800 р. без напитков,
PanTao,ресторан,"Санкт-Петербург, ул. Гороховая 31литА",Пн–Вс: 12:00 — 23:00,8.6,Средний чек 1100 р. без напитков,
Great Meal,ресторан,"Санкт-Петербург, В.О. 1-я линия 34",Пн–Вс: 12:00 — 23:00,8.6,Средний чек 1300 р. без напитков,
Green 28,ресторан,"Санкт-Петербург, ул. Большая Зеленина 28","Пн–Пт: 09:00 — 23:00, Сб–Вс: 10:00 — 23:00",8.4,Средний чек 1300 р. без напитков,
Made in,ресторан,"Санкт-Петербург, ул. Школьная 14",Пн–Вс: 12:00 — 23:00,8.5,Средний чек 1300 р. без напитков,
Made In China,ресторан,"Санкт-Петербург, Большая Морская ул. 35","Пн: 11:00 — 01:00, Вт: 11:00 — 23:00, Ср–Чт: 12:00 — 23:00, Пт: 12:00 — 01:00, Сб–Вс: 11:00 — 01:00",7.8,Средний чек 1300 р. без напитков,
Свет Востока,ресторан,"Санкт-Петербург, ул. Курляндская 36",Пн–Вс: 12:00 — 00:00,8.5,Средний чек 500 р. без напитков,
Чуфальня,ресторан,"Санкт-Петербург, ул. Садовая 28-30к27",Пн–Вс: 10:00 — 23:00,8.6,Средний чек 700 р. без напитков,
Mamahuhu,ресторан,"Санкт-Петербург, ул. Б. Пушкарская 34",Пн–Вс: 12:00 — 23:00,7.2,Средний чек 1200 р. без напитков,
ОгоХого,ресторан,"Санкт-Петербург, В.О. 1-я линия 32",Пн–Вс: 12:00 — 22:00,8.1,Средний чек 550 р. без напитков,
Ресторан сычуаньской кухни,ресторан,"Санкт-Петербург, ул. Нахимова 20",Пн–Вс: 11:00 — 23:00,8,Средний чек 1000 р. без напитков,
Китай-город,ресторан,"Санкт-Петербург, ул. 3-я Советская 5",Пн–Вс: 11:00 — 23:00,7.3,Средний чек 1000 р. без напитков,
Хаочи,ресторан,"Санкт-Петербург, пр. Английский 48",Пн–Вс: 11:30 — 00:00,7.7,Средний чек 700 р. без напитков,
Макао,ресторан,"Санкт-Петербург, ул. Кораблестроителей 32/1",Пн–Вс: 11:30 — 23:30,7.5,Средний чек 900 р. без напитков,
Певческая башня,ресторан,"Санкт-Петербург, г. Пушкин, пер. Лицейский 7","Пн–Чт: 12:00 — 23:00, Пт–Сб: 12:00 — 01:00, Вс: 12:00 — 23:00",7.1,Средний чек 1300 р. без напитков,
Цзао Ван,ресторан,"Санкт-Петербург, пр. Ленинский 114",Пн–Вс: 12:00 — 00:00,6.8,Средний чек 800 р. без напитков,
Asia лапша,ресторан,"Санкт-Петербург, Большой пр. П.С. 18","Пн–Чт: 10:00 — 01:00, Пт–Сб: 10:00 — 02:00, Вс: 10:00 — 01:00",6.2,Средний чек 1500 р. без напитков,
Китай-город,ресторан,"Санкт-Петербург, ул. Мытнинская 12",Пн–Вс: 11:30 — 23:30,7,Средний чек 1000 р. без напитков,
Мулан,ресторан,"Санкт-Петербург, В.О. пр. Малый 40","Пн–Чт: 11:00 — 23:00, Пт: 11:00 — 00:00, Сб: 12:00 — 00:00, Вс: 12:00 — 23:00",6.8,Средний чек 800 р. без напитков,
See Asia,ресторан,"Санкт-Петербург, Лиговский проспект 174",Пн–Вс: 12:00 — 23:00,6.7,Средний чек 1700 р. без напитков,
Фу Ченг,ресторан,"Санкт-Петербург, пр. Косыгина 34/1",Пн–Вс: 12:00 — 00:00,7,Средний чек 900 р. без напитков,
Чуфальня,ресторан,"Санкт-Петербург, ул. Гжатская 22",Пн–Вс: 10:00 — 22:00,6.5,Средний чек 500 р. без напитков,
Чайный дом по-восточному,ресторан,"Санкт-Петербург, ул. Александра Невского 9",Пн–Вс: 12:00 — 23:30,6.6,Средний чек 1100 р. без напитков,
Хаочи,ресторан,"Санкт-Петербург, ул. Декабристов 27",Пн–Вс: 11:30 — 00:00,6.4,Средний чек 700 р. без напитков,
Чайный дом по-восточному,ресторан,"Санкт-Петербург, пр. Новочеркасский 16/12",Пн–Вс: 12:00 — 23:30,5.8,Средний чек 1100 р. без напитков,
Kona,ресторан,"Санкт-Петербург, Большой проспект П.С. 13/4","Пн–Чт: 13:00 — 00:00, Пт–Сб: 13:00 — 01:00, Вс: 13:00 — 00:00",5.1,Средний чек 1400 р. без напитков,
Дуду лапша,ресторан,"Санкт-Петербург, пр. Добролюбова 23",Пн–Вс: 11:30 — 22:30,0,Средний чек 1000 р. без напитков,
Вы Дао вкус Азии,ресторан,"Санкт-Петербург, ул. 7-я Красноармейская 5","Пн–Пт: 11:00 — 22:30, Сб–Вс: 12:00 — 22:30",5.5,Средний чек 900 р. без напитков,
Thai Fun,ресторан,"Санкт-Петербург, ул. Киевская 12",Пн–Вс: 12:00 — 23:00,0,Средний чек 1200 р. без напитков,
+86 китайская кухня,ресторан,"Санкт-Петербург, ул. Марата 29",Пн–Вс: 11:00 — 22:00,0,Средний чек 500 р. без напитков,
Mai Thai,ресторан,"Санкт-Петербург, Мурино, Петровский б-р 2/1",Пн–Вс: 11:00 — 23:00,6,Средний чек 1100 р. без напитков,
A May,ресторан,"Санкт-Петербург, наб. реки Фонтанки 50",Пн–Вс: 10:00 — 22:00,0,Средний чек 300 р. без напитков,
Why.China,ресторан,"Санкт-Петербург, Казанская ул. 23",Пн–Вс: 11:00 — 21:00,7.5,Средний чек 600 р. без напитков,
CityRestGo,ресторан,"Санкт-Петербург, ул. Чайковского 38/9",Пн–Вс: 12:00 — 23:00,0,Средний чек 900 р. без напитков,
Proroll,ресторан,"Санкт-Петербург, Добавить отзыв",Пн–Вс: 11:00 — 23:00,0,Средний чек 600 р. без напитков,
Тайвань,ресторан,"Санкт-Петербург, Лермонтовский пр. 30",Пн–Вс: 12:00 — 22:30,0,Средний чек 1200 р. без напитков,
TopEr,ресторан,"Санкт-Петербург, ул. Типанова 29",Пн–Вс: 12:00 — 23:30,0,Средний чек 1300 р. без напитков,
Русская рюмочная № 1,ресторан,"Санкт-Петербург, б-р Конногвардейский 4",Пн–Вс: 12:00 — 00:00,8.8,Средний чек 3500 р. без напитков,
Наследники,ресторан,"Санкт-Петербург, пр. Каменноостровский 11","Пн–Чт: 11:00 — 23:00, Пт–Сб: C 11:00 — до последнего гостя, Вс: 11:00 — 23:00",7.4,Средний чек 1500 р. без напитков,
Пьяна ель,ресторан,"Санкт-Петербург, ул. Пестеля 21",Пн–Вс: 16:00 — 02:00,7.2,Средний чек 800 р. без напитков,
L'eclat,ресторан,"Санкт-Петербург, ул. Пестеля 1/12",Пн–Вс: 07:00 — 23:00,7.8,Средний чек 1500 р. без напитков,
La Familia,ресторан,"Санкт-Петербург, наб. канала Крюкова 27",Пн–Вс: 13:00 — 23:00,9.9,Средний чек 1550 р. без напитков,
Комель,ресторан,"Санкт-Петербург, ул. Караванная 2",Пн–Вс: 11:00 — 23:00,8,Средний чек 1000 р. без напитков,
Поминальная трапеза,ресторан,"Санкт-Петербург, пр. Кондратьевский 62 корп.1",Пн–Вс: 11:00 — 23:30,0,Средний чек 800 р. без напитков,
Руки ВВерх!,ресторан,"Санкт-Петербург, Получите расширенный доступ к странице",,,Средний чек 1800 р. без напитков,
Совиньон,ресторан,"Санкт-Петербург, Получите расширенный доступ к странице",,,Средний чек 2500 р. без напитков,
Гуси-лебеди,ресторан,"Санкт-Петербург, пр. Коломяжский 19/2","Пн–Чт: 12:00 — 23:00, Пт–Сб: 12:00 — 02:00, Вс: 12:00 — 23:00",8.3,Средний чек 1100 р. без напитков,
Штакеншнейдер,ресторан,"Санкт-Петербург, ул. Миллионная 10",Пн–Вс: 08:00 — 23:00,8.8,Средний чек 2700 р. без напитков,
Дети на кухне,ресторан,"Санкт-Петербург, ул. Решетникова 12",Пн–Вс: 11:00 — 22:00,0,Средний чек 1200 р. без напитков,
Виктория,ресторан,"Санкт-Петербург, пр. Невский 15",Пн–Вс: 12:00 — 23:00,0,Средний чек 3000 р. без напитков,
Creme de La Creme,ресторан,"Санкт-Петербург, пр. Большеохтинский 1к1",Пн–Вс: 12:00 — 22:00,0,Средний чек 2350 р. без напитков,
Проспект,ресторан,"Санкт-Петербург, ул. М. Морская 21",Пн–Вс: 12:00 — 23:00,9.4,Средний чек 1050 р. без напитков,
Москва,ресторан,"Санкт-Петербург, пр. Невский 114-116","Пн–Ср: 10:00 — 23:00, Чт–Сб: 10:00 — 00:00, Вс: 10:00 — 23:00",7.9,Средний чек 2100 р. без напитков,
Метрополь,ресторан,"Санкт-Петербург, ул. Садовая 22/2",Пн–Вс: 12:00 — 23:30,8.1,Средний чек 2700 р. без напитков,
Stroganoff Bar & Grill,ресторан,"Санкт-Петербург, ш. Приморское 418",Пн–Вс: 09:00 — 23:00,8.6,Средний чек 2400 р. без напитков,
Regions,ресторан,"Санкт-Петербург, ул. Жуковского 10",Пн–Вс: 12:00 — 23:00,7.7,Средний чек 1800 р. без напитков,
Лобби-бар отеля «Европа»,ресторан,"Санкт-Петербург, ул. Михайловская 1/7","Пн–Чт: 12:00 — 02:00, Пт–Сб: 12:00 — 05:00, Вс: 12:00 — 02:00",9.5,Средний чек 3300 р. без напитков,
Ф.М. Достоевский,ресторан,"Санкт-Петербург, пр. Владимирский 9А",Пн–Вс: 12:00 — 23:00,8.4,Средний чек 1800 р. без напитков,
Май,ресторан,"Санкт-Петербург, Проспект Маршака 10","Пн–Чт: 12:00 — 23:00, Пт–Сб: 12:00 — 01:00, Вс: 12:00 — 23:00",8.4,Средний чек 1300 р. без напитков,
Leth,ресторан,"Санкт-Петербург, наб. реки Фонтанки 82",Пн–Вс: 12:00 — 23:00,8.1,Средний чек 1800 р. без напитков,
Stroganoff Steak House,ресторан,"Санкт-Петербург, бульвар Конногвардейский 4",Пн–Вс: 12:00 — 00:00,8.3,Средний чек 3000 р. без напитков,
Тройка,ресторан,"Санкт-Петербург, переулок Джамбула 21","Пн–Чт: Выходной, Пт–Вс: 12:00 — 00:00",9.2,Средний чек 1750 р. без напитков,
Mon Amour,ресторан,"Санкт-Петербург, ул. Садовая 83",Пн–Вс: 11:00 — 23:00,9.9,Средний чек 2300 р. без напитков,
Vida Rica,ресторан,"Санкт-Петербург, ул. Опочинина 11",Пн–Вс: 10:00 — 23:00,9.7,Средний чек 2700 р. без напитков,
Le Vernissage,ресторан,"Санкт-Петербург, пр. Римского-Корсакова 5-7",Пн–Вс: 12:00 — 23:00,8.9,Средний чек 1800 р. без напитков,
Богема,ресторан,"Санкт-Петербург, ул. Вокзальная 1Е",Пн–Вс: 11:00 — 23:00,7.1,Средний чек 1700 р. без напитков,
Алые паруса,ресторан,"Санкт-Петербург, наб. Кронверкская 3А",Пн–Вс: 11:00 — 23:00,6.8,Средний чек 3000 р. без напитков,
Наша Dacha,ресторан,"Санкт-Петербург, ш. Приморское 448","Пн–Чт: 12:00 — 23:00, Пт–Сб: 12:00 — 01:00, Вс: 10:00 — 23:00",7.8,Средний чек 2200 р. без напитков,
Blackwood,ресторан,"Санкт-Петербург, ул. Маяковского 4",Пн–Вс: 12:00 — 06:00,10,Средний чек 1300 р. без напитков,
Beer House,ресторан,"Санкт-Петербург, бульв. Менделеева 11 к2",Пн–Вс: 12:00 — 23:00,9.2,Средний чек 1300 р. без напитков,
Blackwood,ресторан,"Санкт-Петербург, ул. Большая Конюшенная 15",Пн–Вс: 12:00 — 06:00,8.6,Средний чек 1300 р. без напитков,
Unity Petrogradka,ресторан,"Санкт-Петербург, проспект Медиков 5 к17","Пн–Чт: 12:00 — 01:00, Пт–Сб: 12:00 — 04:00, Вс: 12:00 — 01:00",9.2,Средний чек 1000 р. без напитков,
Старое шале,ресторан,"Санкт-Петербург, Получите расширенный доступ к странице",,,Средний чек 2500 р. без напитков,
Достойная кухня,ресторан,"Санкт-Петербург, Получите расширенный доступ к странице",,,Средний чек 1800 р. без напитков,
Фабрика,ресторан,"Санкт-Петербург, пр. Заневский 38","Пн–Чт: Выходной, Пт–Вс: 18:00 — 05:00",7.2,Средний чек 1200 р. без напитков,
Mendeleev Bar,ресторан,"Санкт-Петербург, Банковский пер. 6",Пн–Вс: 15:00 — 06:00,9.7,Средний чек 1000 р. без напитков,
Cherish,ресторан,"Санкт-Петербург, ул. Малая Посадская 3",Пн–Вс: 12:00 — 06:00,9.2,Средний чек 1200 р. без напитков,
Euphoria,ресторан,"Санкт-Петербург, Выборгское шоссе 503к1",Пн–Вс: C 13:00 — до последнего гостя,10,Средний чек 2000 р. без напитков,
9parrots,ресторан,"Санкт-Петербург, Кузьминское ш. 66",Пн–Вс: 12:00 — 23:00,9.2,Средний чек 1150 р. без напитков,
Тризна,ресторан,"Санкт-Петербург, Получите расширенный доступ к странице",,,Средний чек 1950 р. без напитков,
Сказкино варенье,ресторан,"Санкт-Петербург, парк Александровский 1 А",Пн–Вс: 10:00 — 20:00,8.7,Средний чек 700 р. без напитков,
Галерея,ресторан,"Санкт-Петербург, наб. Свердловская 64",Пн–Вс: Под заказ,0,Средний чек 3200 р. без напитков,
Квартира № 162,ресторан,"Санкт-Петербург, пр. Лиговский 123",Пн–Вс: Круглосуточно,8.3,Средний чек 1100 р. без напитков,
Vinograd,ресторан,"Санкт-Петербург, Пр. Обуховской обороны 68, к. 2",Пн–Вс: 11:00 — 23:00,9.3,Средний чек 1000 р. без напитков,
Поминальная трапезная «Помним-любим»,ресторан,"Санкт-Петербург, ул. Политехническая 17/3",Пн–Вс: 11:00 — 19:00,0,,
Союз,ресторан,"Санкт-Петербург, наб. Мойки 26",Пн–Вс: 08:00 — 23:00,8.1,Средний чек 1700 р. без напитков,
Дети на кухне,ресторан,"Санкт-Петербург, Кожевенная линия 40",Пн–Вс: 11:00 — 23:00,6.6,Средний чек 1200 р. без напитков,
Dublin,"бар, паб","Санкт-Петербург, пр. Науки 19 корп. 2",Пн–Вс: 12:00 — 23:00,8,Средний чек 1500 р. без напитков,
Beer House Staff,"бар, паб","Санкт-Петербург, пр. Английский 39",Пн–Вс: 12:00 — 06:00,9.6,Средний чек 1300 р. без напитков,
Blackwood,"бар, паб","Санкт-Петербург, Получите расширенный доступ к странице",,,Средний чек 1300 р. без напитков,
Blackwood,"бар, паб","Санкт-Петербург, Коломяжский пр. 15/1",Пн–Вс: 12:00 — 06:00,8.6,Средний чек 1300 р. без напитков,
Beer House Staff,"бар, паб","Санкт-Петербург, пр. Комендантский 30",Пн–Вс: 12:00 — 06:00,9.4,Средний чек 1300 р. без напитков,
Blackwood,"бар, паб","Санкт-Петербург, Невский проспект 53",Пн–Вс: 12:00 — 06:00,9.1,Средний чек 1300 р. без напитков,
Beer House,"бар, паб","Санкт-Петербург, пр. Коломяжский 15 корп. 2",Пн–Вс: 12:00 — 06:00,8.2,Средний чек 1300 р. без напитков,
Beer House,"бар, паб","Санкт-Петербург, ул. Савушкина 143",Пн–Вс: 12:00 — 06:00,9.8,Средний чек 1300 р. без напитков,
Blackwood,"бар, паб","Санкт-Петербург, ул. Маяковского 4",Пн–Вс: 12:00 — 06:00,10,Средний чек 1300 р. без напитков,
Blackwood,"бар, паб","Санкт-Петербург, Получите расширенный доступ к странице",,,Средний чек 1300 р. без напитков,
O'Hooligans,"бар, паб","Санкт-Петербург, пр. Бакунина 5","Пн–Чт: 12:00 — 01:00, Пт–Сб: 12:00 — 03:00, Вс: 12:00 — 01:00",9.1,Средний чек 850 р. без напитков,
Beer House,"бар, паб","Санкт-Петербург, пр. Гражданский 36",Пн–Вс: 12:00 — 06:00,7.7,Средний чек 1300 р. без напитков,
Beer House,"бар, паб","Санкт-Петербург, бульв. Менделеева 11 к2",Пн–Вс: 12:00 — 23:00,9.2,Средний чек 1300 р. без напитков,
Beer House,"бар, паб","Санкт-Петербург, ул. Марата 2",Пн–Вс: 12:00 — 06:00,8.5,Средний чек 1300 р. без напитков,
Beer House,"бар, паб","Санкт-Петербург, пр. Невский 62",Пн–Вс: 12:00 — 06:00,9,Средний чек 1300 р. без напитков,
Blackwood,"бар, паб","Санкт-Петербург, ул. Большая Конюшенная 15",Пн–Вс: 12:00 — 06:00,8.6,Средний чек 1300 р. без напитков,
Beer House Staff,"бар, паб","Санкт-Петербург, ул. Некрасова 25",Пн–Вс: 12:00 — 06:00,8,Средний чек 1300 р. без напитков,
Dublin,"бар, паб","Санкт-Петербург, Получите расширенный доступ к странице",,,Средний чек 1500 р. без напитков,
Beer House,"бар, паб","Санкт-Петербург, ул. Ленсовета 90",Пн–Вс: 12:00 — 06:00,9.5,Средний чек 1300 р. без напитков,
Beer House,"бар, паб","Санкт-Петербург, ул. Варшавская 23 корп. 3",Пн–Вс: 12:00 — 06:00,8.4,Средний чек 1300 р. без напитков,
Beer House,"бар, паб","Санкт-Петербург, ул. Чайковского 38/9",Пн–Вс: 12:00 — 06:00,9.2,Средний чек 1300 р. без напитков,
8th Line Pub,"бар, паб","Санкт-Петербург, Добавить отзыв",Пн–Вс: 18:00 — 02:00,0,Средний чек 1350 р. без напитков,
Blackwood,"бар, паб","Санкт-Петербург, ул. Кирочная 17",Пн–Вс: 12:00 — 06:00,8.7,Средний чек 1300 р. без напитков,
Beer House,"бар, паб","Санкт-Петербург, пр. Московский 216",Пн–Вс: 12:00 — 06:00,9.9,Средний чек 1300 р. без напитков,
Beer House,"бар, паб","Санкт-Петербург, бульвар Новаторов 11, к.2",Пн–Вс: 12:00 — 06:00,8.6,Средний чек 1300 р. без напитков,
Beer House,"бар, паб","Санкт-Петербург, пр. Пятилеток 2",Пн–Вс: 12:00 — 06:00,8.7,Средний чек 1300 р. без напитков,
William Bass,"бар, паб","Санкт-Петербург, пр. Лиговский 53",Пн–Вс: Круглосуточно,7.7,Средний чек 1800 р. без напитков,
Oldham,"бар, паб","Санкт-Петербург, наб. реки Мойки 56/17","Пн–Чт: 12:00 — 00:00, Пт–Сб: 12:00 — 01:00, Вс: 12:00 — 00:00",8.5,Средний чек 1100 р. без напитков,
Beer House,"бар, паб","Санкт-Петербург, ул. Бронницкая 4",Пн–Вс: 12:00 — 06:00,8.3,Средний чек 1300 р. без напитков,
Blackwood,"бар, паб","Санкт-Петербург, ул. Льва Толстого 5",Пн–Вс: 12:00 — 06:00,9.8,Средний чек 1300 р. без напитков,
Рыжий Рорри,"бар, паб","Санкт-Петербург, ул. Социалистическая 21",Пн–Вс: 13:00 — 02:00,9.1,Средний чек 1300 р. без напитков,
Метрополь,"бар, паб","Санкт-Петербург, ул. Садовая 22/2",Пн–Вс: 12:00 — 23:30,8.1,Средний чек 2700 р. без напитков,
Blackwood,"бар, паб","Санкт-Петербург, ул. Итальянская 10",Пн–Вс: 12:00 — 06:00,9.6,Средний чек 1300 р. без напитков,
Beer House,"бар, паб","Санкт-Петербург, пр. Невский 20",Пн–Вс: 12:00 — 06:00,10,Средний чек 1300 р. без напитков,
Шато винтаж,"бар, паб","Санкт-Петербург, пр. Энгельса 124","Пн: 11:30 — 23:30, Вт–Чт: 11:30 — 01:00, Пт–Сб: 11:30 — 02:00, Вс: 11:30 — 23:30",9.4,Средний чек 1800 р. без напитков,
Waterzooi,"бар, паб","Санкт-Петербург, ул. Ефимова 3",Пн–Вс: 12:00 — 02:00,8.9,Средний чек 1500 р. без напитков,
Charlie Foxtrot,"бар, паб","Санкт-Петербург, Петергоф, ул. Константиновская 8","Пн–Чт: 12:00 — 01:00, Пт–Сб: 12:00 — 03:00, Вс: 12:00 — 01:00",7.9,Средний чек 1700 р. без напитков,
Brugge,"бар, паб","Санкт-Петербург, наб. Макарова 22",Пн–Вс: 12:00 — 02:00,7.5,Средний чек 1800 р. без напитков,
Polly MacMolly,"бар, паб","Санкт-Петербург, ул. Оптиков 34к1","Пн–Чт: 12:00 — 02:00, Пт–Сб: 12:00 — 03:00, Вс: 12:00 — 02:00",10,Средний чек 1500 р. без напитков,
Gent,"бар, паб","Санкт-Петербург, пр. Московский 139/1",Пн–Вс: 12:00 — 02:00,6.9,Средний чек 1500 р. без напитков,
Marius,"бар, паб","Санкт-Петербург, улица Марата 11",Пн–Вс: Круглосуточно,8.1,Средний чек 1800 р. без напитков,
Old Whale,"бар, паб","Санкт-Петербург, ул. Федора Абрамова 21 корп.1","Пн–Чт: 13:00 — 23:00, Пт–Сб: C 13:00 — до последнего гостя, Вс: 13:00 — 23:00",9,Средний чек 1400 р. без напитков,
Dog's Nose,"бар, паб","Санкт-Петербург, ул. Разъезжая 11","Пн–Чт: 17:00 — 01:00, Пт–Сб: 17:00 — 03:00, Вс: 17:00 — 01:00",9.3,Средний чек 700 р. без напитков,
Library,"бар, паб","Санкт-Петербург, пр. Ветеранов 69","Пн–Чт: 14:00 — 02:00, Пт–Сб: 14:00 — 03:00, Вс: 14:00 — 02:00",9.1,Средний чек 950 р. без напитков,
Finnegan's Wake Irish Pub,"бар, паб","Санкт-Петербург, пер. Талалихина 5/15","Пн–Чт: 12:00 — 01:00, Пт: 12:00 — 02:00, Сб–Вс: 12:00 — 01:00",7.6,Средний чек 1200 р. без напитков,
Lambic Bar,"бар, паб","Санкт-Петербург, пр. Загородный 24","Пн–Чт: 12:00 — 01:00, Пт–Сб: 12:00 — 02:00, Вс: 12:00 — 01:00",8.3,Средний чек 1400 р. без напитков,
Bar 76,"бар, паб","Санкт-Петербург, Малый проспект П.С. 76","Пн–Чт: 14:00 — 02:00, Пт–Сб: 14:00 — 04:00, Вс: 14:00 — 02:00",7.7,Средний чек 900 р. без напитков,
KwakInn,"бар, паб","Санкт-Петербург, ул. Звенигородская 2/44","Пн–Чт: 12:00 — 01:00, Пт–Сб: 12:00 — 02:00, Вс: 12:00 — 01:00",7,Средний чек 1000 р. без напитков,
Alpenhaus,"бар, паб","Санкт-Петербург, Южная дорога 17","Пн–Вт: Выходной, Ср–Чт: 18:00 — 00:00, Пт: 19:00 — 01:00, Сб: 13:00 — 01:00, Вс: 13:00 — 20:00",7.1,Средний чек 1750 р. без напитков,
Golden Pint,"бар, паб","Санкт-Петербург, ул. Фурштатская 9","Пн–Ср: 12:00 — 00:00, Чт: 12:00 — 01:00, Пт: 12:00 — 02:00, Сб: 14:00 — 02:00, Вс: 13:00 — 01:00",8.3,Средний чек 1050 р. без напитков,
Руки ВВерх!,"бар, паб","Санкт-Петербург, Получите расширенный доступ к странице",,,Средний чек 1800 р. без напитков,
Двойник,"бар, паб","Санкт-Петербург, ул. Достоевского 13","Пн–Чт: 16:00 — 03:00, Пт–Сб: 16:00 — 04:00, Вс: 16:00 — 03:00",9.8,Средний чек 900 р. без напитков,
Руки ВВерх!,"бар, паб","Санкт-Петербург, пр. Московский 111",Пн–Вс: 18:00 — 06:00,8.7,Средний чек 1800 р. без напитков,
Шуба,"бар, паб","Санкт-Петербург, ул. Некрасова 34","Пн–Чт: 12:00 — 04:00, Пт–Сб: 12:00 — 06:00, Вс: 12:00 — 04:00",0,Средний чек 900 р. без напитков,
DOM 12,"бар, паб","Санкт-Петербург, Садовая ул. 12","Пн–Чт: 15:00 — 04:00, Пт–Сб: 15:00 — 06:00, Вс: 15:00 — 04:00",0,,
Gin Tonic Bar,"бар, паб","Санкт-Петербург, пр. Литейный 64","Пн–Чт: 18:00 — 01:00, Пт–Сб: 18:00 — 06:00, Вс: 18:00 — 01:00",8.7,Средний чек 650 р. без напитков,
Xander Bar,"бар, паб","Санкт-Петербург, пр. Вознесенский 1",Пн–Вс: 17:00 — 02:00,9.3,Средний чек 2500 р. без напитков,
Tangiers Lounge Gastello,"бар, паб","Санкт-Петербург, ул. Гастелло 22Б","Пн–Чт: 12:00 — 02:00, Пт–Сб: 12:00 — 04:00, Вс: 12:00 — 02:00",8.7,Средний чек 1200 р. без напитков,
Мама Тата,"бар, паб","Санкт-Петербург, ул. Караванная 8",Пн–Вс: 12:00 — 00:00,9.3,Средний чек 800 р. без напитков,
Сплетни бар by Anna Asti,"бар, паб","Санкт-Петербург, Конюшенная пл. 2Г",Пн–Вс: 12:00 — 05:00,8.6,Средний чек 2000 р. без напитков,
Консерватор,"бар, паб","Санкт-Петербург, пр. Римского-Корсакова 5-7","Пн–Ср: 19:00 — 04:00, Чт–Сб: 19:00 — 05:00, Вс: 19:00 — 04:00",9.4,Средний чек 500 р. без напитков,
Del Mar,"бар, паб","Санкт-Петербург, ул. Туристская 34","Пн–Чт: 11:00 — 04:00, Пт–Сб: 11:00 — 06:00, Вс: 11:00 — 04:00",6.5,Средний чек 1200 р. без напитков,
Tsinist,"бар, паб","Санкт-Петербург, Полтавская ул. 7","Пн–Чт: C 13:00 — до последнего гостя, Пт–Сб: 13:00 — 06:00, Вс: C 13:00 — до последнего гостя",9.3,Средний чек 1600 р. без напитков,
Wild,"бар, паб","Санкт-Петербург, ул. Пионерская 32",Пн–Вс: C 12:00 — до последнего гостя,0,Средний чек 1100 р. без напитков,
Рыжий Рорри,"бар, паб","Санкт-Петербург, ул. Социалистическая 21",Пн–Вс: 13:00 — 02:00,9.1,Средний чек 1300 р. без напитков,
Roots Bar,"бар, паб","Санкт-Петербург, Всеволожский район, Медное озеро ","Пн–Чт: 12:00 — 23:00, Пт–Сб: 12:00 — 00:00, Вс: 12:00 — 23:00",0,Средний чек 1000 р. без напитков,
Nove,"бар, паб","Санкт-Петербург, наб. реки Мойки 99",Пн–Вс: 11:00 — 23:00,7.8,Средний чек 1600 р. без напитков,
7sky,"бар, паб","Санкт-Петербург, пер. Ковенский 5",Пн–Вс: 18:00 — 06:00,9.4,Средний чек 1250 р. без напитков,
Лобби-бар отеля «Европа»,"бар, паб","Санкт-Петербург, ул. Михайловская 1/7","Пн–Чт: 12:00 — 02:00, Пт–Сб: 12:00 — 05:00, Вс: 12:00 — 02:00",9.5,Средний чек 3300 р. без напитков,
Hustle,"бар, паб","Санкт-Петербург, 18-я линия Васильевского острова 29","Пн–Чт: 12:00 — 02:00, Пт–Сб: 12:00 — 04:00, Вс: 12:00 — 02:00",10,Средний чек 1390 р. без напитков,
Takadaya,"бар, паб","Санкт-Петербург, Кожевенная линия 34","Пн–Чт: Выходной, Пт–Вс: 17:00 — 23:00",0,Средний чек 800 р. без напитков,
L'eclat,"бар, паб","Санкт-Петербург, ул. Пестеля 1/12",Пн–Вс: 07:00 — 23:00,7.8,Средний чек 1500 р. без напитков,
Zависть Podium Club,"бар, паб","Санкт-Петербург, пр. Невский 80",Пн–Вс: 20:00 — 08:00,10,Средний чек 2000 р. без напитков,
Zажигалка,"бар, паб","Санкт-Петербург, пер. Щербаков 17 лит. А",Пн–Вс: 22:00 — 06:00,9.7,Средний чек 800 р. без напитков,
Огонёк,"бар, паб","Санкт-Петербург, Получите расширенный доступ к странице",,,Средний чек 1200 р. без напитков,
Quinta,"бар, паб","Санкт-Петербург, ул. Жуковского ","Пн–Ср: Выходной, Чт–Вс: 19:00 — 02:00",0,,
Гадкий койот,"бар, паб","Санкт-Петербург, ул. Думская 4а",Пн–Вс: 20:00 — 06:00,9.8,Средний чек 500 р. без напитков,
Crazy Voice,"бар, паб","Санкт-Петербург, Добавить отзыв","Пн: Выходной, Вт–Вс: 18:00 — 05:00",0,Средний чек 1300 р. без напитков,
Tangiers Lounge Buharestskaya,"бар, паб","Санкт-Петербург, ул. Бухарестская 74",Пн–Вс: 12:00 — 02:00,9,Средний чек 1600 р. без напитков,
FeelingWine'S by Чувство вина,"бар, паб","Санкт-Петербург, ул. Жуковского 57",Пн–Вс: C 09:00 — до последнего гостя,0,Средний чек 1500 р. без напитков,
Лаборатория 31 на Гороховой,"бар, паб","Санкт-Петербург, ул. Гороховая 31",Пн–Вс: 15:00 — 06:00,9.6,Средний чек 600 р. без напитков,
Royal Smoke,"бар, паб","Санкт-Петербург, пр. Коломяжский 15/2","Пн–Чт: 12:00 — 02:00, Пт–Сб: 12:00 — 03:00, Вс: 12:00 — 02:00",9.5,Средний чек 1200 р. без напитков,
Prof.Freud Club,"бар, паб","Санкт-Петербург, Малая Морская улица 18","Пн–Чт: 12:00 — 00:00, Пт–Сб: 12:00 — 01:00, Вс: 13:00 — 23:00",9.5,Средний чек 3400 р. без напитков,
Unity Petrogradka,"бар, паб","Санкт-Петербург, проспект Медиков 5 к17","Пн–Чт: 12:00 — 01:00, Пт–Сб: 12:00 — 04:00, Вс: 12:00 — 01:00",9.2,Средний чек 1000 р. без напитков,
Сидрерия,"бар, паб","Санкт-Петербург, ул. Моховая 30","Пн–Чт: 12:00 — 01:00, Пт–Сб: 12:00 — 03:00, Вс: 12:00 — 01:00",7.3,Средний чек 800 р. без напитков,
Art Lab Medovarus,"бар, паб","Санкт-Петербург, Мучной пер. 5","Пн–Чт: 13:00 — 00:00, Пт–Сб: 13:00 — 02:00, Вс: 13:00 — 00:00",9.5,Средний чек 1300 р. без напитков,
География,"бар, паб","Санкт-Петербург, ул. Рубинштейна 5",,8.5,Средний чек 1500 р. без напитков,
Smena,"бар, паб","Санкт-Петербург, Невский проспект 88, помещение 38","Пн–Чт: 12:00 — 01:00, Пт–Сб: 12:00 — 03:00, Вс: 12:00 — 01:00",9.8,Средний чек 1500 р. без напитков,
Look,"бар, паб","Санкт-Петербург, ул. Большая Конюшенная 29",Пн–Вс: 12:00 — 06:00,9.4,Средний чек 800 р. без напитков,
Blackwood,"бар, паб","Санкт-Петербург, Получите расширенный доступ к странице",,,Средний чек 1300 р. без напитков,
Mendeleev Bar,"бар, паб","Санкт-Петербург, Банковский пер. 6",Пн–Вс: 15:00 — 06:00,9.7,Средний чек 1000 р. без напитков,
Virgins,"бар, паб","Санкт-Петербург, ул. Некрасова 3-5","Пн–Чт: 21:00 — 06:00, Пт–Сб: 21:00 — 07:00, Вс: 21:00 — 06:00",9.4,Средний чек 2100 р. без напитков,
Цапля,"бар, паб","Санкт-Петербург, проспект Добролюбова 16к2","Пн–Чт: 09:00 — 18:00, Пт: 09:00 — 05:00, Сб: 18:00 — 05:00, Вс: Выходной",8,Средний чек 1200 р. без напитков,
Молот ведьм,"бар, паб","Санкт-Петербург, Получите расширенный доступ к странице",,,Средний чек 1000 р. без напитков,
Smoke BBQ,"бар, паб","Санкт-Петербург, ул. Рубинштейна 11",Пн–Вс: 12:00 — 23:00,8.3,Средний чек 2600 р. без напитков,
Blackwood,"бар, паб","Санкт-Петербург, Невский проспект 53",Пн–Вс: 12:00 — 06:00,9.1,Средний чек 1300 р. без напитков,
Pub 357,"бар, паб","Санкт-Петербург, наб. Макарова 22",Пн–Вс: C 12:00 — до последнего гостя,8.1,Средний чек 1000 р. без напитков,
Blackwood,"бар, паб","Санкт-Петербург, Получите расширенный доступ к странице",,,Средний чек 1300 р. без напитков,
Kostas,"бар, паб","Санкт-Петербург, ул. Профессора Иващенцова 2А",Пн–Вс: Круглосуточно,9.9,Средний чек 1800 р. без напитков,
Blackwood,"бар, паб","Санкт-Петербург, ул. Итальянская 10",Пн–Вс: 12:00 — 06:00,9.6,Средний чек 1300 р. без напитков,
Руки ВВерх!,"бар, паб","Санкт-Петербург, Получите расширенный доступ к странице",,,Средний чек 1800 р. без напитков,
Двойник,"бар, паб","Санкт-Петербург, ул. Достоевского 13","Пн–Чт: 16:00 — 03:00, Пт–Сб: 16:00 — 04:00, Вс: 16:00 — 03:00",9.8,Средний чек 900 р. без напитков,
Руки ВВерх!,"бар, паб","Санкт-Петербург, пр. Московский 111",Пн–Вс: 18:00 — 06:00,8.7,Средний чек 1800 р. без напитков,
Шуба,"бар, паб","Санкт-Петербург, ул. Некрасова 34","Пн–Чт: 12:00 — 04:00, Пт–Сб: 12:00 — 06:00, Вс: 12:00 — 04:00",0,Средний чек 900 р. без напитков,
DOM 12,"бар, паб","Санкт-Петербург, Садовая ул. 12","Пн–Чт: 15:00 — 04:00, Пт–Сб: 15:00 — 06:00, Вс: 15:00 — 04:00",0,,
Gin Tonic Bar,"бар, паб","Санкт-Петербург, пр. Литейный 64","Пн–Чт: 18:00 — 01:00, Пт–Сб: 18:00 — 06:00, Вс: 18:00 — 01:00",8.7,Средний чек 650 р. без напитков,
Xander Bar,"бар, паб","Санкт-Петербург, пр. Вознесенский 1",Пн–Вс: 17:00 — 02:00,9.3,Средний чек 2500 р. без напитков,
Tangiers Lounge Gastello,"бар, паб","Санкт-Петербург, ул. Гастелло 22Б","Пн–Чт: 12:00 — 02:00, Пт–Сб: 12:00 — 04:00, Вс: 12:00 — 02:00",8.7,Средний чек 1200 р. без напитков,
Мама Тата,"бар, паб","Санкт-Петербург, ул. Караванная 8",Пн–Вс: 12:00 — 00:00,9.3,Средний чек 800 р. без напитков,
Сплетни бар by Anna Asti,"бар, паб","Санкт-Петербург, Конюшенная пл. 2Г",Пн–Вс: 12:00 — 05:00,8.6,Средний чек 2000 р. без напитков,
Консерватор,"бар, паб","Санкт-Петербург, пр. Римского-Корсакова 5-7","Пн–Ср: 19:00 — 04:00, Чт–Сб: 19:00 — 05:00, Вс: 19:00 — 04:00",9.4,Средний чек 500 р. без напитков,
Del Mar,"бар, паб","Санкт-Петербург, ул. Туристская 34","Пн–Чт: 11:00 — 04:00, Пт–Сб: 11:00 — 06:00, Вс: 11:00 — 04:00",6.5,Средний чек 1200 р. без напитков,
Tsinist,"бар, паб","Санкт-Петербург, Полтавская ул. 7","Пн–Чт: C 13:00 — до последнего гостя, Пт–Сб: 13:00 — 06:00, Вс: C 13:00 — до последнего гостя",9.3,Средний чек 1600 р. без напитков,
Wild,"бар, паб","Санкт-Петербург, ул. Пионерская 32",Пн–Вс: C 12:00 — до последнего гостя,0,Средний чек 1100 р. без напитков,
Рыжий Рорри,"бар, паб","Санкт-Петербург, ул. Социалистическая 21",Пн–Вс: 13:00 — 02:00,9.1,Средний чек 1300 р. без напитков,
Roots Bar,"бар, паб","Санкт-Петербург, Всеволожский район, Медное озеро ","Пн–Чт: 12:00 — 23:00, Пт–Сб: 12:00 — 00:00, Вс: 12:00 — 23:00",0,Средний чек 1000 р. без напитков,
Nove,"бар, паб","Санкт-Петербург, наб. реки Мойки 99",Пн–Вс: 11:00 — 23:00,7.8,Средний чек 1600 р. без напитков,
7sky,"бар, паб","Санкт-Петербург, пер. Ковенский 5",Пн–Вс: 18:00 — 06:00,9.4,Средний чек 1250 р. без напитков,
Лобби-бар отеля «Европа»,"бар, паб","Санкт-Петербург, ул. Михайловская 1/7","Пн–Чт: 12:00 — 02:00, Пт–Сб: 12:00 — 05:00, Вс: 12:00 — 02:00",9.5,Средний чек 3300 р. без напитков,
Hustle,"бар, паб","Санкт-Петербург, 18-я линия Васильевского острова 29","Пн–Чт: 12:00 — 02:00, Пт–Сб: 12:00 — 04:00, Вс: 12:00 — 02:00",10,Средний чек 1390 р. без напитков,
Takadaya,"бар, паб","Санкт-Петербург, Кожевенная линия 34","Пн–Чт: Выходной, Пт–Вс: 17:00 — 23:00",0,Средний чек 800 р. без напитков,
L'eclat,"бар, паб","Санкт-Петербург, ул. Пестеля 1/12",Пн–Вс: 07:00 — 23:00,7.8,Средний чек 1500 р. без напитков,
Zависть Podium Club,"бар, паб","Санкт-Петербург, пр. Невский 80",Пн–Вс: 20:00 — 08:00,10,Средний чек 2000 р. без напитков,
Zажигалка,"бар, паб","Санкт-Петербург, пер. Щербаков 17 лит. А",Пн–Вс: 22:00 — 06:00,9.7,Средний чек 800 р. без напитков,
Огонёк,"бар, паб","Санкт-Петербург, Получите расширенный доступ к странице",,,Средний чек 1200 р. без напитков,
Quinta,"бар, паб","Санкт-Петербург, ул. Жуковского ","Пн–Ср: Выходной, Чт–Вс: 19:00 — 02:00",0,,
Гадкий койот,"бар, паб","Санкт-Петербург, ул. Думская 4а",Пн–Вс: 20:00 — 06:00,9.8,Средний чек 500 р. без напитков,
Crazy Voice,"бар, паб","Санкт-Петербург, Добавить отзыв","Пн: Выходной, Вт–Вс: 18:00 — 05:00",0,Средний чек 1300 р. без напитков,
Tangiers Lounge Buharestskaya,"бар, паб","Санкт-Петербург, ул. Бухарестская 74",Пн–Вс: 12:00 — 02:00,9,Средний чек 1600 р. без напитков,
FeelingWine'S by Чувство вина,"бар, паб","Санкт-Петербург, ул. Жуковского 57",Пн–Вс: C 09:00 — до последнего гостя,0,Средний чек 1500 р. без напитков,
Лаборатория 31 на Гороховой,"бар, паб","Санкт-Петербург, ул. Гороховая 31",Пн–Вс: 15:00 — 06:00,9.6,Средний чек 600 р. без напитков,
Royal Smoke,"бар, паб","Санкт-Петербург, пр. Коломяжский 15/2","Пн–Чт: 12:00 — 02:00, Пт–Сб: 12:00 — 03:00, Вс: 12:00 — 02:00",9.5,Средний чек 1200 р. без напитков,
Prof.Freud Club,"бар, паб","Санкт-Петербург, Малая Морская улица 18","Пн–Чт: 12:00 — 00:00, Пт–Сб: 12:00 — 01:00, Вс: 13:00 — 23:00",9.5,Средний чек 3400 р. без напитков,
Unity Petrogradka,"бар, паб","Санкт-Петербург, проспект Медиков 5 к17","Пн–Чт: 12:00 — 01:00, Пт–Сб: 12:00 — 04:00, Вс: 12:00 — 01:00",9.2,Средний чек 1000 р. без напитков,
Сидрерия,"бар, паб","Санкт-Петербург, ул. Моховая 30","Пн–Чт: 12:00 — 01:00, Пт–Сб: 12:00 — 03:00, Вс: 12:00 — 01:00",7.3,Средний чек 800 р. без напитков,
Art Lab Medovarus,"бар, паб","Санкт-Петербург, Мучной пер. 5","Пн–Чт: 13:00 — 00:00, Пт–Сб: 13:00 — 02:00, Вс: 13:00 — 00:00",9.5,Средний чек 1300 р. без напитков,
География,"бар, паб","Санкт-Петербург, ул. Рубинштейна 5",,8.5,Средний чек 1500 р. без напитков,
Smena,"бар, паб","Санкт-Петербург, Невский проспект 88, помещение 38","Пн–Чт: 12:00 — 01:00, Пт–Сб: 12:00 — 03:00, Вс: 12:00 — 01:00",9.8,Средний чек 1500 р. без напитков,
Look,"бар, паб","Санкт-Петербург, ул. Большая Конюшенная 29",Пн–Вс: 12:00 — 06:00,9.4,Средний чек 800 р. без напитков,
Blackwood,"бар, паб","Санкт-Петербург, Получите расширенный доступ к странице",,,Средний чек 1300 р. без напитков,
Mendeleev Bar,"бар, паб","Санкт-Петербург, Банковский пер. 6",Пн–Вс: 15:00 — 06:00,9.7,Средний чек 1000 р. без напитков,
Virgins,"бар, паб","Санкт-Петербург, ул. Некрасова 3-5","Пн–Чт: 21:00 — 06:00, Пт–Сб: 21:00 — 07:00, Вс: 21:00 — 06:00",9.4,Средний чек 2100 р. без напитков,
Цапля,"бар, паб","Санкт-Петербург, проспект Добролюбова 16к2","Пн–Чт: 09:00 — 18:00, Пт: 09:00 — 05:00, Сб: 18:00 — 05:00, Вс: Выходной",8,Средний чек 1200 р. без напитков,
Молот ведьм,"бар, паб","Санкт-Петербург, Получите расширенный доступ к странице",,,Средний чек 1000 р. без напитков,
Smoke BBQ,"бар, паб","Санкт-Петербург, ул. Рубинштейна 11",Пн–Вс: 12:00 — 23:00,8.3,Средний чек 2600 р. без напитков,
Blackwood,"бар, паб","Санкт-Петербург, Невский проспект 53",Пн–Вс: 12:00 — 06:00,9.1,Средний чек 1300 р. без напитков,
Pub 357,"бар, паб","Санкт-Петербург, наб. Макарова 22",Пн–Вс: C 12:00 — до последнего гостя,8.1,Средний чек 1000 р. без напитков,
Blackwood,"бар, паб","Санкт-Петербург, Получите расширенный доступ к странице",,,Средний чек 1300 р. без напитков,
Kostas,"бар, паб","Санкт-Петербург, ул. Профессора Иващенцова 2А",Пн–Вс: Круглосуточно,9.9,Средний чек 1800 р. без напитков,
Blackwood,"бар, паб","Санкт-Петербург, ул. Итальянская 10",Пн–Вс: 12:00 — 06:00,9.6,Средний чек 1300 р. без напитков,
Tasty Choice,кофейня,"Екатеринбург, Добавить отзыв","Пн–Пт: 09:00 — 18:00, Сб–Вс: Выходной",0,Средний чек 150 р. без напитков,
Engels,кофейня,"Екатеринбург, Малышева 21/4",Пн–Вс: 08:00 — 22:00,9.4,Средний чек 500 р. без напитков,
Bittersweet,кофейня,"Екатеринбург, Добавить отзыв","Пн–Пт: 08:00 — 21:00, Сб–Вс: 09:00 — 21:00",0,,
Strong Coffee,кофейня,"Екатеринбург, Добавить отзыв",Пн–Вс: 07:00 — 21:00,0,Средний чек 350 р. без напитков,
Tropic Coffee,кофейня,"Екатеринбург, Добавить отзыв","Пн–Пт: 07:30 — 21:00, Сб–Вс: 10:00 — 21:00",0,Средний чек 200 р. без напитков,
Гоголь кофе,кофейня,"Екатеринбург, Добавить отзыв","Пн–Пт: 08:00 — 21:00, Сб–Вс: 10:00 — 21:00",0,Средний чек 250 р. без напитков,
Rhino Coffee,кофейня,"Екатеринбург, Добавить отзыв","Пн–Пт: 08:30 — 20:00, Сб–Вс: 10:00 — 19:00",0,Средний чек 200 р. без напитков,
Coffee Flower,кофейня,"Екатеринбург, Добавить отзыв","Пн–Пт: 07:30 — 22:00, Сб–Вс: 09:00 — 22:00",0,Средний чек 350 р. без напитков,
Cheeseberry,кофейня,"Екатеринбург, Добавить отзыв",Пн–Вс: 09:00 — 21:00,0,Средний чек 300 р. без напитков,
Brodsky Coffee,кофейня,"Екатеринбург, Первомайская 90","Пн–Пт: 08:00 — 21:00, Сб–Вс: 09:00 — 21:00",9.3,Средний чек 300 р. без напитков,
Ароматная чашка,кофейня,"Екатеринбург, Добавить отзыв",Пн–Вс: 10:00 — 22:30,0,Средний чек 150 р. без напитков,
Bon Brunel,кофейня,"Екатеринбург, Добавить отзыв","Пн–Пт: 08:00 — 21:00, Сб–Вс: 09:00 — 21:00",0,Средний чек 400 р. без напитков,
Simple coffee,кофейня,"Екатеринбург, ул. Хохрякова 23",Пн–Вс: 08:00 — 22:00,9.1,Средний чек 500 р. без напитков,
Chashkin Coffee,кофейня,"Екатеринбург, Добавить отзыв","Пн–Пт: 07:00 — 20:00, Сб: 09:00 — 21:00, Вс: 09:00 — 20:00",0,,
Telescope,кофейня,"Екатеринбург, Добавить отзыв",Пн–Вс: 10:00 — 20:00,0,Средний чек 200 р. без напитков,
Fitlynx,кофейня,"Екатеринбург, Добавить отзыв","Пн–Чт: 09:30 — 20:00, Пт–Сб: 11:00 — 18:00, Вс: 09:30 — 20:00",0,Средний чек 300 р. без напитков,
Urals Coffee,кофейня,"Екатеринбург, Добавить отзыв",Пн–Вс: 09:00 — 17:00,0,Средний чек 150 р. без напитков,
Easy beasy coffee,кофейня,"Екатеринбург, Добавить отзыв",Пн–Вс: 08:00 — 20:00,0,Средний чек 700 р. без напитков,
Aristocrat,кофейня,"Екатеринбург, Добавить отзыв","Пн–Пт: 07:00 — 20:00, Сб–Вс: 10:00 — 19:00",0,Средний чек 450 р. без напитков,
Roger Coffee,кофейня,"Екатеринбург, Добавить отзыв",Пн–Вс: 08:00 — 22:00,0,Средний чек 400 р. без напитков,
Black & White,кофейня,"Екатеринбург, Добавить отзыв","Пн–Пт: 07:30 — 18:00, Сб–Вс: Выходной",0,Средний чек 500 р. без напитков,
Текстура,кофейня,"Екатеринбург, Добавить отзыв","Пн–Пт: 08:00 — 21:00, Сб–Вс: 09:00 — 21:00",0,Средний чек 300 р. без напитков,
Vol.YoutoCoffee,кофейня,"Екатеринбург, Добавить отзыв","Пн–Пт: 08:00 — 17:00, Сб–Вс: Выходной",0,Средний чек 200 р. без напитков,
Бравос,кофейня,"Екатеринбург, Добавить отзыв",Пн–Вс: 09:00 — 17:00,0,,
Диалоги,кофейня,"Екатеринбург, Добавить отзыв","Пн–Пт: 08:00 — 20:00, Сб–Вс: 10:00 — 19:00",0,Средний чек 250 р. без напитков,
ДжазVe,кофейня,"Екатеринбург, Добавить отзыв",Пн–Вс: 10:00 — 20:00,0,Средний чек 200 р. без напитков,
Капуч,кофейня,"Екатеринбург, Добавить отзыв","Пн–Пт: 10:00 — 20:00, Сб–Вс: 11:00 — 20:00",0,,
Вереск,кофейня,"Екатеринбург, ул. Луначарского 214",Пн–Вс: 10:00 — 22:00,9.5,Средний чек 350 р. без напитков,
Вера в кофе,кофейня,"Екатеринбург, Добавить отзыв",Пн–Вс: 09:00 — 21:00,0,Средний чек 350 р. без напитков,
Fam'stories,кофейня,"Екатеринбург, Добавить отзыв","Пн–Пт: 08:00 — 21:00, Сб–Вс: 09:00 — 21:00",0,Средний чек 500 р. без напитков,
А помнишь?,кофейня,"Екатеринбург, Добавить отзыв","Пн–Пт: 08:00 — 20:00, Сб–Вс: 09:00 — 20:00",0,Средний чек 700 р. без напитков,
Breakfast Unit,кофейня,"Екатеринбург, Банковский пер. 3",Пн–Вс: 08:00 — 22:00,8,Средний чек 500 р. без напитков,
Тардис,кофейня,"Екатеринбург, Добавить отзыв","Пн–Пт: 07:15 — 17:30, Сб: 10:00 — 15:00, Вс: Выходной",0,Средний чек 200 р. без напитков,
Сова,кофейня,"Екатеринбург, Добавить отзыв","Пн–Пт: 08:00 — 21:00, Сб–Вс: 10:00 — 21:00",0,Средний чек 200 р. без напитков,
Скворечник,кофейня,"Екатеринбург, Добавить отзыв","Пн–Пт: 07:30 — 21:00, Сб–Вс: 10:00 — 21:00",0,Средний чек 200 р. без напитков,
Сoffee in city,кофейня,"Екатеринбург, Добавить отзыв","Пн–Пт: 08:00 — 20:00, Сб–Вс: 09:00 — 20:00",0,,
Проворный бариста,кофейня,"Екатеринбург, Добавить отзыв","Пн–Пт: 08:00 — 21:00, Сб–Вс: 11:00 — 19:00",0,Средний чек 150 р. без напитков,
Неспящая сова,кофейня,"Екатеринбург, Добавить отзыв","Пн–Пт: 08:00 — 21:00, Сб–Вс: 09:00 — 21:00",0,Средний чек 500 р. без напитков,
Мякушка,кофейня,"Екатеринбург, Добавить отзыв",Пн–Вс: 08:00 — 21:00,0,Средний чек 500 р. без напитков,
Море внутри,кофейня,"Екатеринбург, Добавить отзыв","Пн–Пт: 08:00 — 22:00, Сб–Вс: 09:00 — 22:00",0,Средний чек 350 р. без напитков,
Кофемолка,кофейня,"Екатеринбург, Добавить отзыв","Пн–Пт: 09:00 — 20:00, Сб–Вс: 10:00 — 20:00",0,Средний чек 300 р. без напитков,
Кофе хочешь?,кофейня,"Екатеринбург, пр. Ленина 28",Пн–Вс: 08:00 — 02:00,5.8,Средний чек 200 р. без напитков,
Кофе 18+,кофейня,"Екатеринбург, Добавить отзыв",Пн–Вс: 09:00 — 21:00,0,Средний чек 200 р. без напитков,
Коммуна,кофейня,"Екатеринбург, Добавить отзыв",Пн–Вс: 07:00 — 21:00,0,Средний чек 300 р. без напитков,
Горы,кофейня,"Екатеринбург, Добавить отзыв","Пн–Пт: 08:30 — 21:00, Сб–Вс: 10:00 — 20:00",0,Средний чек 350 р. без напитков,
Гагарринкофе,кофейня,"Екатеринбург, Добавить отзыв","Пн–Пт: 08:00 — 21:00, Сб–Вс: 09:00 — 21:00",0,,
Duo,кофейня,"Екатеринбург, ул. Куйбышева 44д",Пн–Вс: 07:30 — 22:00,9.7,Средний чек 500 р. без напитков,
Para Coffee,кофейня,"Екатеринбург, Добавить отзыв",Пн–Вс: Круглосуточно,0,,
Город просыпается,кофейня,"Екатеринбург, Добавить отзыв","Пн–Пт: 08:00 — 21:00, Сб–Вс: 09:30 — 21:00",0,Средний чек 200 р. без напитков,
Tesla Coffee,кофейня,"Екатеринбург, Добавить отзыв","Пн–Пт: 09:00 — 22:00, Сб–Вс: 10:00 — 20:00",0,Средний чек 400 р. без напитков,
Ptizza счастья,пиццерия,"Екатеринбург, ул. Малышева 53","Пн–Чт: 12:00 — 23:00, Пт–Сб: 12:00 — 00:00, Вс: 12:00 — 23:00",8.8,Средний чек 1000 р. без напитков,
Pizza Mia,пиццерия,"Екатеринбург, Добавить отзыв","Пн–Сб: 10:00 — 23:00, Вс: 11:00 — 23:00",0,Средний чек 700 р. без напитков,
Pizza 13/10,пиццерия,"Екатеринбург, Добавить отзыв",Пн–Вс: 11:00 — 22:00,0,Средний чек 800 р. без напитков,
Pinzeria by Bontempi,пиццерия,"Екатеринбург, ул. Бориса Ельцина 3","Пн–Чт: 12:00 — 22:00, Пт–Сб: 12:00 — 23:00, Вс: 12:00 — 22:00",10,Средний чек 1500 р. без напитков,
IL Патио,пиццерия,"Екатеринбург, ул. 8 Марта 8д","Пн–Чт: 11:00 — 22:00, Пт: 11:00 — 00:00, Сб–Вс: 12:00 — 22:00",9.1,Средний чек 1200 р. без напитков,
La pizza unica,пиццерия,"Екатеринбург, Добавить отзыв",Пн–Вс: 10:00 — 22:00,0,Средний чек 200 р. без напитков,
Папа Римский,пиццерия,"Екатеринбург, Добавить отзыв",Пн–Вс: 10:00 — 22:00,0,Средний чек 700 р. без напитков,
Пан-пицца,пиццерия,"Екатеринбург, Добавить отзыв","Пн–Чт: 10:00 — 23:00, Пт–Сб: 10:00 — 00:00, Вс: 10:00 — 23:00",0,Средний чек 800 р. без напитков,
Pizzaman,пиццерия,"Екатеринбург, ул. Белинского 173","Пн–Чт: 12:00 — 00:00, Пт–Сб: 12:00 — 01:00, Вс: 12:00 — 00:00",9.7,Средний чек 800 р. без напитков,
Pizza station,пиццерия,"Екатеринбург, Добавить отзыв",Пн–Вс: Круглосуточно,0,Средний чек 450 р. без напитков,
ИталианПицца,пиццерия,"Екатеринбург, ул. Агрономическая 28",Пн–Вс: 09:00 — 23:00,9.6,Средний чек 700 р. без напитков,
Pizza Burger Beer,пиццерия,"Екатеринбург, ул. Куйбышева 98","Пн–Сб: 12:00 — 23:00, Вс: 13:00 — 22:00",9.5,Средний чек 600 р. без напитков,
Гриль №1,пиццерия,"Екатеринбург, Добавить отзыв",Пн–Вс: 10:00 — 23:00,0,Средний чек 800 р. без напитков,
Леонардо дай пиццы,пиццерия,"Екатеринбург, Добавить отзыв",Пн–Вс: 12:00 — 23:00,0,Средний чек 1700 р. без напитков,
Pizza con amore,пиццерия,"Екатеринбург, Добавить отзыв","Пн–Чт: 09:00 — 22:00, Пт–Сб: 09:00 — 23:00, Вс: 09:00 — 22:00",0,Средний чек 800 р. без напитков,
Леонардо дай пиццы,пиццерия,"Екатеринбург, Добавить отзыв",Пн–Вс: 12:00 — 23:00,0,Средний чек 1500 р. без напитков,
Dario,пиццерия,"Екатеринбург, Добавить отзыв","Пн: 10:00 — 21:00, Вт–Пт: 09:00 — 21:00, Сб–Вс: 10:00 — 21:00",0,Средний чек 1000 р. без напитков,
Пицца-клуб.рф,пиццерия,"Екатеринбург, ул. Белинского 210а",Пн–Вс: 11:00 — 23:00,10,Средний чек 1000 р. без напитков,
Папа Джонс,пиццерия,"Екатеринбург, Добавить отзыв",Пн–Вс: 10:00 — 23:00,0,Средний чек 1000 р. без напитков,
КусОk,пиццерия,"Екатеринбург, Добавить отзыв",Пн–Вс: 10:30 — 21:00,0,Средний чек 900 р. без напитков,
Pizza Hans,пиццерия,"Екатеринбург, Добавить отзыв","Пн–Чт: 11:00 — 23:00, Пт–Сб: 11:00 — 00:00, Вс: 11:00 — 23:00",0,Средний чек 900 р. без напитков,
Гриль №1,пиццерия,"Екатеринбург, Добавить отзыв",Пн–Вс: 09:00 — 00:00,0,Средний чек 800 р. без напитков,
Grott Spot,пиццерия,"Екатеринбург, Добавить отзыв","Пн–Пт: 10:00 — 23:00, Сб–Вс: 10:00 — 00:00",0,Средний чек 900 р. без напитков,
Додо Пицца,пиццерия,"Екатеринбург, Добавить отзыв","Пн–Чт: 10:00 — 21:00, Пт–Сб: 10:00 — 22:00, Вс: 10:00 — 21:00",0,Средний чек 700 р. без напитков,
Додо Пицца,пиццерия,"Екатеринбург, Добавить отзыв",Пн–Вс: 09:00 — 00:00,0,Средний чек 700 р. без напитков,
Italianpizza.ru,пиццерия,"Екатеринбург, Добавить отзыв",Пн–Вс: 08:00 — 00:00,0,Средний чек 1000 р. без напитков,
Ciao Pizza&Огород,пиццерия,"Екатеринбург, Добавить отзыв",Пн–Вс: 12:00 — 23:00,0,Средний чек 700 р. без напитков,
Crazy Brothers,пиццерия,"Екатеринбург, Добавить отзыв",Пн–Вс: 10:00 — 22:00,0,Средний чек 1000 р. без напитков,
Mama pizza,пиццерия,"Екатеринбург, Добавить отзыв",Пн–Вс: 09:00 — 23:00,0,Средний чек 800 р. без напитков,
Pan Pizza,пиццерия,"Екатеринбург, Добавить отзыв","Пн–Чт: 10:00 — 23:00, Пт–Сб: 10:00 — 00:00, Вс: 10:00 — 23:00",0,Средний чек 800 р. без напитков,
Папа Джонс,пиццерия,"Екатеринбург, Добавить отзыв",Пн–Вс: 10:00 — 23:00,0,Средний чек 1000 р. без напитков,
Папа Римский,пиццерия,"Екатеринбург, Добавить отзыв",Пн–Вс: 10:00 — 22:00,0,Средний чек 800 р. без напитков,
Pizza Mia,пиццерия,"Екатеринбург, Добавить отзыв","Пн: 11:00 — 22:00, Вт–Вс: 10:00 — 22:00",0,Средний чек 700 р. без напитков,
Фри мэн,пиццерия,"Екатеринбург, Добавить отзыв",Пн–Вс: 10:00 — 00:00,0,Средний чек 900 р. без напитков,
Это вам не там,пиццерия,"Екатеринбург, Добавить отзыв","Пн–Пт: 10:00 — 22:00, Сб–Вс: 12:00 — 22:00",0,Средний чек 700 р. без напитков,
Гуливани,ресторан,"Екатеринбург, Гурзуфская 48",Пн–Вс: 12:00 — 00:00,9.2,Средний чек 1500 р. без напитков,
Хаш,ресторан,"Екатеринбург, ул. 8 Марта 46",Пн–Вс: 12:00 — 22:00,8.4,Средний чек 1000 р. без напитков,
Шави ломи,ресторан,"Екатеринбург, Добавить отзыв",,0,Средний чек 1400 р. без напитков,
Высота 5462,ресторан,"Екатеринбург, Добавить отзыв","Пн–Чт: 12:00 — 00:00, Пт–Сб: 12:00 — 01:00, Вс: 12:00 — 00:00",0,Средний чек 1500 р. без напитков,
Pumpula,ресторан,"Екатеринбург, ул. Толмачева 12","Пн–Чт: 12:00 — 23:00, Пт–Сб: 12:00 — 00:00, Вс: 12:00 — 23:00",9.3,Средний чек 1200 р. без напитков,
Georgia Armenia,ресторан,"Екатеринбург, ул. Пушкина 16","Пн–Чт: 12:00 — 00:00, Пт–Сб: 12:00 — 02:00, Вс: 12:00 — 00:00",9,Средний чек 1600 р. без напитков,
ТМДоставка,ресторан,"Екатеринбург, Добавить отзыв","Пн–Чт: 09:00 — 22:00, Пт–Сб: 09:00 — 23:00, Вс: 09:00 — 22:00",0,Средний чек 1000 р. без напитков,
Gosti,ресторан,"Екатеринбург, Добавить отзыв","Пн–Чт: 12:00 — 00:00, Пт–Сб: 12:00 — 01:00, Вс: 12:00 — 00:00",0,Средний чек 1200 р. без напитков,
Берлога,ресторан,"Екатеринбург, ул. Колокольная 22","Пн–Чт: 12:00 — 23:00, Пт–Сб: 12:00 — 00:00, Вс: 12:00 — 23:00",8.9,Средний чек 1000 р. без напитков,
Барашка на гранате,ресторан,"Екатеринбург, Добавить отзыв",Пн–Вс: 12:00 — 00:00,0,Средний чек 1500 р. без напитков,
Агонь BBQ Ratskeller,ресторан,"Екатеринбург, ул. 8 Марта 8Б","Пн–Чт: 12:00 — 00:00, Пт–Сб: 12:00 — 02:00, Вс: 12:00 — 00:00",9.1,Средний чек 2000 р. без напитков,
Bazar,ресторан,"Екатеринбург, Добавить отзыв",Пн–Вс: 10:00 — 22:00,0,Средний чек 800 р. без напитков,
Мацони,ресторан,"Екатеринбург, Добавить отзыв","Пн–Чт: 12:00 — 01:00, Пт–Сб: 12:00 — 03:00, Вс: 12:00 — 01:00",0,Средний чек 800 р. без напитков,
Большой грузинский,ресторан,"Екатеринбург, Олимпийская набережная 7","Пн–Чт: 12:00 — 00:00, Пт–Сб: 12:00 — 01:00, Вс: 12:00 — 00:00",9.2,Средний чек 1500 р. без напитков,
Грузинские каникулы,ресторан,"Екатеринбург, ул. Металлургов 87",Пн–Вс: 10:00 — 22:00,8.5,Средний чек 1300 р. без напитков,
Гости,ресторан,"Екатеринбург, ул. Ильича 69","Пн–Чт: 10:00 — 00:00, Пт: 10:00 — 01:00, Сб: 12:00 — 01:00, Вс: 12:00 — 00:00",10,Средний чек 800 р. без напитков,
Гинимини,ресторан,"Екатеринбург, ул. Малышева 31Д","Пн–Чт: 12:00 — 00:00, Пт–Сб: 12:00 — 02:00, Вс: 12:00 — 00:00",8.4,Средний чек 1200 р. без напитков,
Гиви Иванович,ресторан,"Екатеринбург, ул. 8 Марта 149","Пн–Чт: 12:00 — 22:00, Пт–Сб: 12:00 — 00:00, Вс: 12:00 — 22:00",9,Средний чек 700 р. без напитков,
Хинкальная № 1,ресторан,"Екатеринбург, Добавить отзыв",Пн–Вс: 10:30 — 23:00,0,Средний чек 1000 р. без напитков,
Шоколад,ресторан,"Екатеринбург, ул. Бажова 75а",Пн–Вс: 12:00 — 00:00,9.4,Средний чек 800 р. без напитков,
Чайхона лаунж,ресторан,"Екатеринбург, Добавить отзыв",Пн–Вс: Круглосуточно,0,Средний чек 1200 р. без напитков,
Хочу Пури,ресторан,"Екатеринбург, ул. 8 марта 46","Пн–Ср: 12:00 — 00:00, Чт–Пт: 12:00 — 01:00, Сб–Вс: 12:00 — 00:00",8.5,Средний чек 1200 р. без напитков,
Хмели Сунели,ресторан,"Екатеринбург, ул. Ленина 69/1","Пн–Чт: 12:00 — 00:00, Пт–Сб: 12:00 — 02:00, Вс: 12:00 — 00:00",9.3,Средний чек 1500 р. без напитков,
Хинкальная,ресторан,"Екатеринбург, Народной Воли 24",Пн–Вс: 12:00 — 00:00,9,Средний чек 1000 р. без напитков,
У Вани,ресторан,"Екатеринбург, ул. Академика Бардина 25/2","Пн–Чт: 12:00 — 01:00, Пт–Сб: 12:00 — 03:00, Вс: 12:00 — 01:00",9.5,Средний чек 700 р. без напитков,
Сытый папа,ресторан,"Екатеринбург, ул. Краснолесья 24",Пн–Вс: 12:00 — 23:00,8.4,Средний чек 800 р. без напитков,
Счастье,ресторан,"Екатеринбург, ул. 8 Марта 46","Пн–Чт: 12:00 — 00:00, Пт–Сб: 12:00 — 01:00, Вс: 12:00 — 00:00",9.3,Средний чек 1100 р. без напитков,
Рататуй,ресторан,"Екатеринбург, Уральских рабочих 54","Пн–Чт: 12:00 — 23:00, Пт–Сб: 12:00 — 00:00, Вс: 12:00 — 23:00",8.9,Средний чек 1000 р. без напитков,
Мяс угляс,ресторан,"Екатеринбург, ул. 8 Марта 149/1","Пн–Чт: 11:00 — 00:00, Пт–Сб: 11:00 — 02:00, Вс: 11:00 — 00:00",8.4,Средний чек 500 р. без напитков,
Легенды Юга,ресторан,"Екатеринбург, ул. Вайнера 9","Пн–Ср: 12:00 — 01:00, Чт: 12:00 — 02:00, Пт–Сб: 12:00 — 03:00, Вс: 12:00 — 01:00",5.7,Средний чек 1000 р. без напитков,
Лариса Ивановна,ресторан,"Екатеринбург, ул. Радищева 23","Пн–Чт: 11:00 — 00:00, Пт–Сб: 11:00 — 02:00, Вс: 11:00 — 00:00",8.9,Средний чек 1500 р. без напитков,
Кишмиш,ресторан,"Екатеринбург, Добавить отзыв","Пн–Чт: 12:00 — 00:00, Пт–Сб: 12:00 — 02:00, Вс: 12:00 — 00:00",0,Средний чек 700 р. без напитков,
Кинза-за,ресторан,"Екатеринбург, ул. Родонитовая 19",Пн–Вс: 12:00 — 00:00,7,Средний чек 1000 р. без напитков,
Кацо,ресторан,"Екатеринбург, Добавить отзыв","Пн–Чт: 12:00 — 22:00, Пт–Сб: 12:00 — 00:00, Вс: 12:00 — 22:00",0,Средний чек 1000 р. без напитков,
Кавказская пленница,ресторан,"Екатеринбург, ул. Академика Бардина 21а","Пн–Чт: 12:00 — 01:00, Пт–Сб: 12:00 — 03:00, Вс: 12:00 — 01:00",8.2,Средний чек 1000 р. без напитков,
Тавуш,ресторан,"Екатеринбург, ул. Шаумяна 23","Пн–Пт: 10:00 — 22:00, Сб–Вс: 10:00 — 23:00",9,Средний чек 800 р. без напитков,
A-cafe,ресторан,"Екатеринбург, Добавить отзыв","Пн–Чт: 11:00 — 23:00, Пт–Сб: 11:00 — 00:00, Вс: 11:00 — 23:00",0,Средний чек 500 р. без напитков,
Odjah,ресторан,"Екатеринбург, Добавить отзыв","Пн–Чт: 12:00 — 23:00, Пт–Сб: 12:00 — 01:00, Вс: 12:00 — 23:00",0,Средний чек 700 р. без напитков,
Гиви to me,ресторан,"Екатеринбург, Малышева 19","Пн–Чт: 12:00 — 23:00, Пт–Сб: 12:00 — 00:00, Вс: 12:00 — 23:00",9.5,Средний чек 1000 р. без напитков,
Мираж,ресторан,"Екатеринбург, Маневровая 41",Пн–Вс: 12:00 — 04:00,6,Средний чек 700 р. без напитков,
Генацвале,ресторан,"Екатеринбург, ул. Белинского 177",Пн–Вс: 12:00 — 00:00,9.8,Средний чек 1000 р. без напитков,
Тифлис,ресторан,"Екатеринбург, Малышева 98",Пн–Вс: 11:00 — 23:00,8.2,Средний чек 1000 р. без напитков,
Бадриджани,ресторан,"Екатеринбург, Добавить отзыв","Пн–Ср: 11:30 — 23:00, Чт–Пт: 11:30 — 02:00, Сб–Вс: 12:00 — 23:00",0,Средний чек 1200 р. без напитков,
Грузинские мелодии,ресторан,"Екатеринбург, Добавить отзыв",Пн–Вс: 12:00 — 23:00,0,Средний чек 1100 р. без напитков,
Оджахури,ресторан,"Екатеринбург, Добавить отзыв",,0,Средний чек 500 р. без напитков,
Старик Хинкалыч,ресторан,"Екатеринбург, Добавить отзыв","Пн–Чт: 10:00 — 22:00, Пт–Сб: 10:00 — 23:00, Вс: 10:00 — 22:00",0,Средний чек 700 р. без напитков,
Хочу Пури,ресторан,"Екатеринбург, Добавить отзыв","Пн–Чт: 12:00 — 00:00, Пт–Сб: 12:00 — 01:00, Вс: 12:00 — 00:00",0,Средний чек 1200 р. без напитков,
Dolce,ресторан,"Екатеринбург, Добавить отзыв","Пн: Выходной, Вт–Сб: 17:00 — 23:00, Вс: Выходной",0,Средний чек 1000 р. без напитков,
Friends,ресторан,"Екатеринбург, Добавить отзыв","Пн–Чт: 12:00 — 00:00, Пт–Сб: 12:00 — 01:00, Вс: 12:00 — 00:00",0,Средний чек 1000 р. без напитков,
Nebar,ресторан,"Екатеринбург, ул. Радищева 25",Пн–Вс: 18:00 — 06:00,8.8,Средний чек 1800 р. без напитков,
Манкое,ресторан,"Екатеринбург, Добавить отзыв","Пн–Пт: 10:00 — 22:00, Сб–Вс: 12:00 — 22:00",0,Средний чек 1000 р. без напитков,
Байки,ресторан,"Екатеринбург, Добавить отзыв","Пн–Чт: 10:00 — 00:00, Пт–Сб: 10:00 — 02:00, Вс: 12:00 — 00:00",0,Средний чек 1000 р. без напитков,
Pizza Mia,ресторан,"Екатеринбург, Добавить отзыв","Пн–Сб: 10:00 — 23:00, Вс: 11:00 — 23:00",0,Средний чек 700 р. без напитков,
Pizza 13/10,ресторан,"Екатеринбург, Добавить отзыв",Пн–Вс: 11:00 — 22:00,0,Средний чек 800 р. без напитков,
Robert's food,ресторан,"Екатеринбург, Добавить отзыв",Пн–Вс: 11:00 — 23:00,0,Средний чек 1200 р. без напитков,
Dieci,ресторан,"Екатеринбург, ул. Шейнкмана 10","Пн–Чт: 12:00 — 18:00, Пт–Сб: 12:00 — 23:00, Вс: Выходной",9.8,Средний чек 2200 р. без напитков,
Планетарий,ресторан,"Екатеринбург, ул. Радищева 55","Пн–Чт: 12:00 — 00:00, Пт–Сб: 12:00 — 01:00, Вс: 12:00 — 23:00",0,Средний чек 1000 р. без напитков,
Мачо пикчо,ресторан,"Екатеринбург, Добавить отзыв",Пн–Вс: 12:00 — 00:00,0,Средний чек 1800 р. без напитков,
Sheff,ресторан,"Екатеринбург, ул. Шефская 110а","Пн–Чт: 12:00 — 02:00, Пт–Сб: 12:00 — 05:00, Вс: 12:00 — 02:00",10,Средний чек 1100 р. без напитков,
Le Bourg 1905,ресторан,"Екатеринбург, Добавить отзыв","Пн–Пт: 12:00 — 00:00, Сб–Вс: 12:00 — 03:00",0,Средний чек 2000 р. без напитков,
Si!,ресторан,"Екатеринбург, просп. Ленина 69/1",Пн–Вс: 12:00 — 23:00,9.4,Средний чек 1200 р. без напитков,
Визави,ресторан,"Екатеринбург, Добавить отзыв",Пн–Вс: C 07:30 — до последнего гостя,0,Средний чек 1000 р. без напитков,
Four,ресторан,"Екатеринбург, Добавить отзыв",Пн–Вс: Круглосуточно,0,Средний чек 1500 р. без напитков,
Pinzeria by Bontempi,ресторан,"Екатеринбург, ул. Бориса Ельцина 3","Пн–Чт: 12:00 — 22:00, Пт–Сб: 12:00 — 23:00, Вс: 12:00 — 22:00",10,Средний чек 1500 р. без напитков,
Pizzaman,ресторан,"Екатеринбург, ул. Белинского 173","Пн–Чт: 12:00 — 00:00, Пт–Сб: 12:00 — 01:00, Вс: 12:00 — 00:00",9.7,Средний чек 800 р. без напитков,
Pizza station,ресторан,"Екатеринбург, Добавить отзыв",Пн–Вс: Круглосуточно,0,Средний чек 450 р. без напитков,
Эйт,ресторан,"Екатеринбург, Добавить отзыв","Пн–Чт: 11:00 — 22:00, Пт–Сб: 11:00 — 23:00, Вс: 11:00 — 22:00",0,Средний чек 1200 р. без напитков,
Итальянцы,ресторан,"Екатеринбург, ул. Малышева 56а","Пн–Чт: 12:00 — 00:00, Пт–Сб: 12:00 — 02:00, Вс: 12:00 — 00:00",9.6,Средний чек 1800 р. без напитков,
Крюшон,ресторан,"Екатеринбург, 8 Марта 50",Пн–Вс: 15:00 — 23:00,8.4,Средний чек 1800 р. без напитков,
Это все цветочки,ресторан,"Екатеринбург, Добавить отзыв",Пн–Вс: 10:00 — 23:00,0,Средний чек 900 р. без напитков,
Толстая креветка,ресторан,"Екатеринбург, Добавить отзыв",Пн–Вс: 11:00 — 23:00,0,Средний чек 800 р. без напитков,
Папа Римский,ресторан,"Екатеринбург, Добавить отзыв",Пн–Вс: 10:00 — 22:00,0,Средний чек 700 р. без напитков,
Ptizza счастья,ресторан,"Екатеринбург, ул. Малышева 53","Пн–Чт: 12:00 — 23:00, Пт–Сб: 12:00 — 00:00, Вс: 12:00 — 23:00",8.8,Средний чек 1000 р. без напитков,
Maccheroni,ресторан,"Екатеринбург, Добавить отзыв",Пн–Вс: Круглосуточно,0,Средний чек 1000 р. без напитков,
Cuba Beach Club,ресторан,"Екатеринбург, Добавить отзыв",Пн–Вс: 10:00 — 23:00,0,Средний чек 700 р. без напитков,
Lorenza,ресторан,"Екатеринбург, ул. Репина 94",Пн–Вс: 10:00 — 22:00,8,Средний чек 1200 р. без напитков,
Пан-пицца,ресторан,"Екатеринбург, Добавить отзыв","Пн–Чт: 10:00 — 23:00, Пт–Сб: 10:00 — 00:00, Вс: 10:00 — 23:00",0,Средний чек 800 р. без напитков,
Le Vicomte,ресторан,"Екатеринбург, Добавить отзыв","Пн–Чт: 12:00 — 00:00, Пт–Сб: 12:00 — 01:00, Вс: 15:00 — 00:00",0,Средний чек 1800 р. без напитков,
Turba Cafe,ресторан,"Екатеринбург, Добавить отзыв",Пн–Вс: 10:00 — 22:00,0,Средний чек 1000 р. без напитков,
ИталианПицца,ресторан,"Екатеринбург, ул. Агрономическая 28",Пн–Вс: 09:00 — 23:00,9.6,Средний чек 700 р. без напитков,
Градусы,ресторан,"Екатеринбург, ул. 8 Марта 43","Пн–Ср: Выходной, Чт: 21:00 — 04:00, Пт–Сб: 21:00 — 06:00, Вс: Выходной",2.2,Средний чек 700 р. без напитков,
Восемь' 55,ресторан,"Екатеринбург, Добавить отзыв","Пн–Сб: 12:00 — 22:00, Вс: Выходной",0,Средний чек 500 р. без напитков,
Donna Olivia,ресторан,"Екатеринбург, ул. Металлургов 87",Пн–Вс: 10:00 — 22:00,8.8,Средний чек 1200 р. без напитков,
Винтаж,ресторан,"Екатеринбург, ул. Фрунзе 65","Пн–Чт: 11:00 — 23:00, Пт: 11:00 — 00:00, Сб: 12:00 — 00:00, Вс: 12:00 — 23:00",8.8,Средний чек 700 р. без напитков,
Fix Cafe,ресторан,"Екатеринбург, ул. 8 Марта 32А",Пн–Вс: 08:00 — 22:00,7.8,Средний чек 200 р. без напитков,
Будуещё,ресторан,"Екатеринбург, Добавить отзыв",Пн–Вс: 10:00 — 21:00,0,Средний чек 1000 р. без напитков,
IL Патио,ресторан,"Екатеринбург, ул. 8 Марта 8д","Пн–Чт: 11:00 — 22:00, Пт: 11:00 — 00:00, Сб–Вс: 12:00 — 22:00",9.1,Средний чек 1200 р. без напитков,
Шоколад,ресторан,"Екатеринбург, ул. Бажова 75а",Пн–Вс: 12:00 — 00:00,9.4,Средний чек 800 р. без напитков,
Сушкоф,ресторан,"Екатеринбург, Добавить отзыв",Пн–Вс: 12:00 — 00:00,0,Средний чек 700 р. без напитков,
Black Brilliant,ресторан,"Екатеринбург, Добавить отзыв","Пн–Чт: 12:00 — 00:00, Пт–Сб: 12:00 — 01:00, Вс: 12:00 — 00:00",0,Средний чек 1000 р. без напитков,
Men's club 911,ресторан,"Екатеринбург, Добавить отзыв",Пн–Вс: 21:00 — 06:00,0,Средний чек 2000 р. без напитков,
Свой Бар,ресторан,"Екатеринбург, Вайнера 60","Пн–Чт: 17:00 — 02:00, Пт–Сб: 17:00 — 04:00, Вс: 17:00 — 02:00",7.2,Средний чек 500 р. без напитков,
The Optimist,ресторан,"Екатеринбург, пр. Ленина 50б","Пн–Чт: 09:00 — 21:00, Пт: 09:00 — 04:00, Сб: 15:00 — 04:00, Вс: Выходной",8.1,Средний чек 1800 р. без напитков,
Леонардо дай пиццы,ресторан,"Екатеринбург, Добавить отзыв",Пн–Вс: 12:00 — 23:00,0,Средний чек 1700 р. без напитков,
Сыроварня,ресторан,"Екатеринбург, ул. Дзержинского 2","Пн–Чт: 12:00 — 00:00, Пт–Сб: 12:00 — 01:00, Вс: 12:00 — 00:00",9.4,Средний чек 2300 р. без напитков,
Макрус,ресторан,"Екатеринбург, ул. Академика Шварца 20/2",Пн–Вс: 12:00 — 00:00,8.9,Средний чек 700 р. без напитков,
КусОk,ресторан,"Екатеринбург, Добавить отзыв",Пн–Вс: 10:30 — 21:00,0,Средний чек 900 р. без напитков,
Суши-маркет,ресторан,"Екатеринбург, Добавить отзыв",Пн–Вс: 10:00 — 22:00,0,Средний чек 1000 р. без напитков,
Мама,ресторан,"Екатеринбург, ул. Мира 23","Пн–Чт: 11:00 — 00:00, Пт–Сб: 11:00 — 02:00, Вс: 11:00 — 00:00",8.1,Средний чек 1200 р. без напитков,
Ля Мажор,ресторан,"Екатеринбург, Хохрякова 72",Пн–Вс: 18:00 — 06:00,1.3,Средний чек 1500 р. без напитков,
Royal Pizza,ресторан,"Екатеринбург, ул. Библиотечная 25",Пн–Вс: 10:00 — 22:00,10,Средний чек 1000 р. без напитков,
Fugu,ресторан,"Екатеринбург, просп. Ленина 41","Пн–Чт: 11:00 — 22:00, Пт–Сб: 11:00 — 23:00, Вс: 11:00 — 22:00",2.6,Средний чек 600 р. без напитков,
Nori,ресторан,"Екатеринбург, Добавить отзыв",Пн–Вс: 10:00 — 22:00,0,Средний чек 1700 р. без напитков,
Sushi Stories,ресторан,"Екатеринбург, Добавить отзыв",Пн–Вс: 10:00 — 22:00,0,Средний чек 300 р. без напитков,
Тануки,ресторан,"Екатеринбург, Челюскинцев ул. 106","Пн–Чт: 12:00 — 23:00, Пт–Сб: 12:00 — 00:00, Вс: 12:00 — 23:00",8.8,Средний чек 1300 р. без напитков,
Show Girls,ресторан,"Екатеринбург, Добавить отзыв",Пн–Вс: 21:00 — 06:00,0,Средний чек 3000 р. без напитков,
Panorama A.S.P.,ресторан,"Екатеринбург, Добавить отзыв",Пн–Вс: 12:00 — 00:00,0,Средний чек 2500 р. без напитков,
Friends,ресторан,"Екатеринбург, Добавить отзыв","Пн–Чт: 12:00 — 00:00, Пт–Сб: 12:00 — 01:00, Вс: 12:00 — 00:00",0,Средний чек 1000 р. без напитков,
OVO izakaya,ресторан,"Екатеринбург, Добавить отзыв","Пн–Чт: 12:00 — 23:00, Пт–Сб: 12:00 — 01:00, Вс: 12:00 — 23:00",0,Средний чек 1600 р. без напитков,
Magnorum,ресторан,"Екатеринбург, Добавить отзыв",Пн–Вс: 11:00 — 22:30,0,Средний чек 700 р. без напитков,
Jo Wu,ресторан,"Екатеринбург, Добавить отзыв",Пн–Вс: 12:00 — 22:00,0,Средний чек 700 р. без напитков,
Shamrock,ресторан,"Екатеринбург, Добавить отзыв",Пн–Вс: 12:00 — 00:00,0,Средний чек 1500 р. без напитков,
Riviera,ресторан,"Екатеринбург, Добавить отзыв","Пн–Чт: 12:00 — 22:00, Пт–Сб: 12:00 — 04:00, Вс: 12:00 — 22:00",0,Средний чек 1000 р. без напитков,
Momo Pan Asian Kitchen,ресторан,"Екатеринбург, Карла Либкнехта 38а","Пн–Пт: 12:00 — 23:00, Сб–Вс: 13:00 — 23:00",8.9,Средний чек 1000 р. без напитков,
Fix Cafe,ресторан,"Екатеринбург, ул. 8 Марта 32А",Пн–Вс: 08:00 — 22:00,7.8,Средний чек 200 р. без напитков,
Толстая креветка,ресторан,"Екатеринбург, Добавить отзыв",Пн–Вс: 11:00 — 23:00,0,Средний чек 800 р. без напитков,
King Roll,ресторан,"Екатеринбург, Добавить отзыв",Пн–Вс: 11:00 — 23:00,0,Средний чек 800 р. без напитков,
ИталианПицца,ресторан,"Екатеринбург, ул. Агрономическая 28",Пн–Вс: 09:00 — 23:00,9.6,Средний чек 700 р. без напитков,
Эйт,ресторан,"Екатеринбург, Добавить отзыв","Пн–Чт: 11:00 — 22:00, Пт–Сб: 11:00 — 23:00, Вс: 11:00 — 22:00",0,Средний чек 1200 р. без напитков,
ТМДоставка,ресторан,"Екатеринбург, Добавить отзыв","Пн–Чт: 09:00 — 22:00, Пт–Сб: 09:00 — 23:00, Вс: 09:00 — 22:00",0,Средний чек 1000 р. без напитков,
Sushi Magia,ресторан,"Екатеринбург, Добавить отзыв",Пн–Вс: 10:00 — 00:00,0,Средний чек 800 р. без напитков,
Палки-скалки,ресторан,"Екатеринбург, Добавить отзыв",Пн–Вс: 10:00 — 23:00,0,Средний чек 800 р. без напитков,
Su Mo,ресторан,"Екатеринбург, Добавить отзыв",Пн–Вс: 12:00 — 23:00,0,Средний чек 1700 р. без напитков,
TomYumBar,ресторан,"Екатеринбург, 8 Марта 46","Пн–Чт: 11:00 — 22:00, Пт: 10:00 — 23:00, Сб: 11:00 — 23:00, Вс: 11:00 — 22:00",9.7,Средний чек 1500 р. без напитков,
Men's club 911,ресторан,"Екатеринбург, Добавить отзыв",Пн–Вс: 21:00 — 06:00,0,Средний чек 2000 р. без напитков,
Uno суши,ресторан,"Екатеринбург, Добавить отзыв","Пн–Пт: 12:00 — 00:00, Сб–Вс: 12:00 — 02:00",0,Средний чек 1200 р. без напитков,
Jo Wu Ramen Bar,ресторан,"Екатеринбург, Добавить отзыв",Пн–Вс: 12:00 — 22:00,0,Средний чек 450 р. без напитков,
Dong Po,ресторан,"Екатеринбург, Добавить отзыв","Пн–Чт: 12:00 — 23:00, Пт–Сб: 12:00 — 01:00, Вс: 12:00 — 23:00",0,Средний чек 1100 р. без напитков,
Play Rolls,ресторан,"Екатеринбург, Добавить отзыв",Пн–Вс: 11:00 — 21:00,0,Средний чек 1500 р. без напитков,
Farfalle,ресторан,"Екатеринбург, ул. 8 Марта 92а",Пн–Вс: 11:30 — 00:00,9.8,Средний чек 1300 р. без напитков,
CosmoRoll,ресторан,"Екатеринбург, Добавить отзыв","Пн–Чт: 14:00 — 22:30, Пт–Сб: 14:00 — 23:00, Вс: 14:00 — 22:30",0,Средний чек 700 р. без напитков,
Градусы,ресторан,"Екатеринбург, ул. 8 Марта 43","Пн–Ср: Выходной, Чт: 21:00 — 04:00, Пт–Сб: 21:00 — 06:00, Вс: Выходной",2.2,Средний чек 700 р. без напитков,
Хотэи,ресторан,"Екатеринбург, Добавить отзыв",Пн–Вс: 10:00 — 22:00,0,Средний чек 700 р. без напитков,
Сушкоф,ресторан,"Екатеринбург, Добавить отзыв",Пн–Вс: 12:00 — 00:00,0,Средний чек 700 р. без напитков,
Суши Мореман,ресторан,"Екатеринбург, Добавить отзыв",Пн–Вс: 11:00 — 01:00,0,Средний чек 800 р. без напитков,
Суши мастер,ресторан,"Екатеринбург, Добавить отзыв",Пн–Вс: 10:00 — 23:00,0,Средний чек 700 р. без напитков,
Сойка,ресторан,"Екатеринбург, ул. 8 Марта 6","Пн–Чт: 12:00 — 00:00, Пт–Сб: 12:00 — 02:00, Вс: 12:00 — 00:00",8.5,Средний чек 1500 р. без напитков,
Своя Компания,ресторан,"Екатеринбург, проспект Ленина 49","Пн–Чт: 12:00 — 23:00, Пт: 12:00 — 00:00, Сб–Вс: 12:00 — 23:00",8.4,Средний чек 1000 р. без напитков,
Рататуй,ресторан,"Екатеринбург, Уральских рабочих 54","Пн–Чт: 12:00 — 23:00, Пт–Сб: 12:00 — 00:00, Вс: 12:00 — 23:00",8.9,Средний чек 1000 р. без напитков,
BigRoll (БигРолл),ресторан,"Екатеринбург, Фурманова 66","Пн–Чт: 10:00 — 00:00, Пт–Сб: 10:00 — 02:00, Вс: 10:00 — 00:00",10,Средний чек 500 р. без напитков,
Edo,ресторан,"Екатеринбург, Добавить отзыв",Пн–Вс: 10:00 — 23:00,0,Средний чек 700 р. без напитков,
Crazy Brothers,ресторан,"Екатеринбург, Добавить отзыв",Пн–Вс: 10:00 — 22:00,0,Средний чек 1000 р. без напитков,
Crout'On,ресторан,"Екатеринбург, Добавить отзыв","Пн–Сб: 10:00 — 02:00, Вс: 10:00 — 00:00",0,Средний чек 500 р. без напитков,
Мама restaurant,ресторан,"Екатеринбург, Добавить отзыв","Пн–Чт: 11:00 — 00:00, Пт–Сб: 11:00 — 02:00, Вс: 11:00 — 00:00",0,Средний чек 1200 р. без напитков,
Нравы,ресторан,"Екатеринбург, Добавить отзыв",,0,Средний чек 1000 р. без напитков,
Суши-маркет,ресторан,"Екатеринбург, Добавить отзыв",Пн–Вс: 10:00 — 22:00,0,Средний чек 1000 р. без напитков,
Сушкоф,ресторан,"Екатеринбург, Добавить отзыв",Пн–Вс: 11:00 — 23:00,0,Средний чек 700 р. без напитков,
Руки ВВерх!,"бар, паб","Екатеринбург, ул. Радищева 25",Пн–Вс: 18:00 — 06:00,10,Средний чек 1600 р. без напитков,
Винный бар Соловьева,"бар, паб","Екатеринбург, Добавить отзыв",Пн–Вс: 00:00 — 23:59,0,Средний чек 1000 р. без напитков,
Fireside,"бар, паб","Екатеринбург, ул. Бориса Ельцина 8","Пн–Вт: Выходной, Ср–Чт: 20:00 — 03:00, Пт–Сб: 21:00 — 05:00, Вс: Выходной",10,Средний чек 2000 р. без напитков,
Bla Bla Bar,"бар, паб","Екатеринбург, ул. Добролюбова 3","Пн–Чт: 12:00 — 02:00, Пт–Сб: 14:00 — 06:00, Вс: 12:00 — 02:00",6,Средний чек 1200 р. без напитков,
Тот самый,"бар, паб","Екатеринбург, Добавить отзыв",Пн–Вс: 12:00 — 01:00,0,Средний чек 800 р. без напитков,
Телевизор,"бар, паб","Екатеринбург, Радищева 4","Пн–Чт: 17:00 — 02:00, Пт–Сб: 17:00 — 04:00, Вс: 17:00 — 02:00",8.3,Средний чек 500 р. без напитков,
Стрелка,"бар, паб","Екатеринбург, ул. 8 марта 18","Пн–Чт: 17:00 — 23:00, Пт–Сб: 17:00 — 02:00, Вс: 17:00 — 23:00",9,Средний чек 750 р. без напитков,
Сплетни,"бар, паб","Екатеринбург, Куйбышева 61","Пн–Чт: 17:00 — 01:00, Пт–Сб: 17:00 — 04:00, Вс: 17:00 — 01:00",8.9,Средний чек 1000 р. без напитков,
Свой Бар,"бар, паб","Екатеринбург, Вайнера 60","Пн–Чт: 17:00 — 02:00, Пт–Сб: 17:00 — 04:00, Вс: 17:00 — 02:00",7.2,Средний чек 500 р. без напитков,
Самоцвет,"бар, паб","Екатеринбург, ул. Малышева 29а","Пн–Чт: 17:00 — 02:00, Пт–Сб: 17:00 — 06:00, Вс: 17:00 — 02:00",8.4,Средний чек 800 р. без напитков,
Опыт,"бар, паб","Екатеринбург, ул. Первомайская 11В","Пн–Чт: 16:00 — 00:00, Пт–Сб: 16:00 — 04:00, Вс: 16:00 — 00:00",9.7,Средний чек 800 р. без напитков,
Нельсон Совин,"бар, паб","Екатеринбург, ул. Малышева 21/4","Пн–Чт: 16:00 — 00:00, Пт: 16:00 — 02:00, Сб: 15:00 — 02:00, Вс: 15:00 — 00:00",8.1,Средний чек 800 р. без напитков,
В Мясо Bar,"бар, паб","Екатеринбург, Добавить отзыв",Пн–Вс: 16:00 — 04:00,0,Средний чек 700 р. без напитков,
Old Deer,"бар, паб","Екатеринбург, Добавить отзыв","Пн–Чт: 16:00 — 00:00, Пт–Сб: 14:00 — 02:00, Вс: 14:00 — 00:00",0,Средний чек 500 р. без напитков,
Мой Бар,"бар, паб","Екатеринбург, Вильгельма де Геннина 47","Пн–Чт: 12:00 — 00:00, Пт–Сб: 12:00 — 02:00, Вс: 12:00 — 00:00",8.6,Средний чек 700 р. без напитков,
Медный грош,"бар, паб","Екатеринбург, Добавить отзыв","Пн–Пт: 12:00 — 00:00, Сб–Вс: 15:00 — 00:00",0,Средний чек 1000 р. без напитков,
Мам я в хлам,"бар, паб","Екатеринбург, ул. Малышева 29","Пн–Чт: 12:00 — 00:00, Пт–Сб: 12:00 — 02:00, Вс: 12:00 — 00:00",2,Средний чек 500 р. без напитков,
Ля Мажор,"бар, паб","Екатеринбург, Хохрякова 72",Пн–Вс: 18:00 — 06:00,1.3,Средний чек 1500 р. без напитков,
Конкиста,"бар, паб","Екатеринбург, Добавить отзыв",Пн–Вс: 12:00 — 00:00,0,Средний чек 1500 р. без напитков,
Коматек,"бар, паб","Екатеринбург, Добавить отзыв",Пн–Вс: 09:00 — 00:00,0,Средний чек 300 р. без напитков,
Коллектив,"бар, паб","Екатеринбург, ул. 8 Марта 8Г","Пн–Чт: 18:00 — 02:00, Пт–Сб: 18:00 — 04:00, Вс: 18:00 — 02:00",9.2,Средний чек 700 р. без напитков,
T Lounge,"бар, паб","Екатеринбург, Добавить отзыв",Пн–Вс: 00:00 — 23:59,0,Средний чек 1200 р. без напитков,
Rudolph's Bar,"бар, паб","Екатеринбург, ул. Малышева 71","Пн: Выходной, Вт: 18:00 — 00:00, Ср: Выходной, Чт: 18:00 — 00:00, Пт–Сб: 18:00 — 02:00, Вс: Выходной",10,Средний чек 1700 р. без напитков,
Right Hops,"бар, паб","Екатеринбург, Добавить отзыв",Пн–Вс: 12:00 — 22:00,0,Средний чек 700 р. без напитков,
Haze Bar,"бар, паб","Екатеринбург, ул. Бажова 193","Пн–Чт: 11:00 — 02:00, Пт: 11:00 — 04:00, Сб: 14:00 — 04:00, Вс: 14:00 — 02:00",9.8,Средний чек 1200 р. без напитков,
Пара пива & беляш,"бар, паб","Екатеринбург, Добавить отзыв","Пн–Чт: 10:00 — 23:00, Пт–Сб: 10:00 — 01:00, Вс: 10:00 — 23:00",0,Средний чек 600 р. без напитков,
Dirty Dance bar,"бар, паб","Екатеринбург, Добавить отзыв",Пн–Вс: 21:00 — 06:00,0,Средний чек 1000 р. без напитков,
Bunin bar,"бар, паб","Екатеринбург, Добавить отзыв","Пн–Чт: 21:00 — 06:00, Пт–Сб: 20:00 — 06:00, Вс: 21:00 — 06:00",0,Средний чек 1000 р. без напитков,
Spaten Haus,"бар, паб","Екатеринбург, Добавить отзыв",Пн–Вс: Круглосуточно,0,Средний чек 1000 р. без напитков,
Fight bar Ural Cage,"бар, паб","Екатеринбург, Добавить отзыв","Пн–Чт: 10:00 — 00:00, Пт–Сб: 10:00 — 02:00, Вс: 10:00 — 00:00",0,Средний чек 500 р. без напитков,
Boozer,"бар, паб","Екатеринбург, Добавить отзыв","Пн–Ср: 12:00 — 01:00, Чт: 12:00 — 02:00, Пт: 12:00 — 05:00, Сб: 20:00 — 05:00, Вс: Выходной",0,Средний чек 1200 р. без напитков,
Ever Jazz,"бар, паб","Екатеринбург, ул. Тургенева 22",Пн–Вс: 13:00 — 23:00,9.3,Средний чек 1000 р. без напитков,
InTouch,"бар, паб","Екатеринбург, Добавить отзыв","Пн–Чт: 18:00 — 03:00, Пт–Сб: 18:00 — 05:00, Вс: Выходной",0,Средний чек 400 р. без напитков,
Nebar,"бар, паб","Екатеринбург, ул. Радищева 25",Пн–Вс: 18:00 — 06:00,8.8,Средний чек 1800 р. без напитков,
Royal Pub & Restaurant,"бар, паб","Екатеринбург, ул. Победы 51а","Пн–Чт: 13:00 — 00:00, Пт: 13:00 — 05:00, Сб: 13:00 — 04:00, Вс: 13:00 — 00:00",6.5,Средний чек 2000 р. без напитков,
Lounge Bar 25,"бар, паб","Екатеринбург, Добавить отзыв","Пн–Чт: 14:00 — 02:00, Пт–Сб: 14:00 — 06:00, Вс: 14:00 — 02:00",0,Средний чек 1700 р. без напитков,
Taboo Lounge,"бар, паб","Екатеринбург, Добавить отзыв","Пн–Чт: 12:00 — 02:00, Пт: 12:00 — 04:00, Сб: 14:00 — 04:00, Вс: 14:00 — 02:00",0,Средний чек 700 р. без напитков,
ProRock,"бар, паб","Екатеринбург, ул. 8 Марта 13","Пн–Чт: 12:00 — 01:00, Пт: 12:00 — 03:00, Сб: 18:00 — 03:00, Вс: Выходной",9.7,Средний чек 700 р. без напитков,
Kumara,"бар, паб","Екатеринбург, Добавить отзыв","Пн–Чт: 13:00 — 02:00, Пт: 13:00 — 04:00, Сб: 15:00 — 04:00, Вс: 15:00 — 02:00",0,Средний чек 600 р. без напитков,
Jazz Bar & Lounge,"бар, паб","Екатеринбург, Добавить отзыв",Пн–Вс: Круглосуточно,0,Средний чек 1500 р. без напитков,
El-Paso,"бар, паб","Екатеринбург, Добавить отзыв","Пн: Выходной, Вт–Вс: 20:00 — 06:00",0,Средний чек 1000 р. без напитков,
Sekta,"бар, паб","Екатеринбург, Добавить отзыв","Пн: 00:00, Вт–Чт: 18:00 — 00:00, Пт: 18:00 — 01:00, Сб: 16:00 — 01:00, Вс: 16:00 — 00:00",0,Средний чек 2500 р. без напитков,
Pravda Lounge,"бар, паб","Екатеринбург, Добавить отзыв","Пн–Чт: 16:00 — 02:00, Пт–Сб: 16:00 — 04:00, Вс: 16:00 — 02:00",0,Средний чек 1000 р. без напитков,
Museum Group,"бар, паб","Екатеринбург, Добавить отзыв",Пн–Вс: Круглосуточно,0,Средний чек 800 р. без напитков,
Intouch,"бар, паб","Екатеринбург, Добавить отзыв","Пн–Чт: 18:00 — 03:00, Пт–Сб: 18:00 — 05:00, Вс: 18:00 — 03:00",0,Средний чек 1200 р. без напитков,
Brugge Brasserie Belge,"бар, паб","Екатеринбург, ул. Сакко и Ванцетти 61","Пн–Чт: 12:00 — 00:00, Пт: 12:00 — 02:00, Сб: 14:00 — 02:00, Вс: 14:00 — 00:00",8.2,Средний чек 1500 р. без напитков,
Giza Club,"бар, паб","Екатеринбург, Добавить отзыв","Пн: 20:00 — 03:00, Вт–Чт: 15:00 — 03:00, Пт–Сб: 15:00 — 05:00, Вс: 15:00 — 03:00",0,Средний чек 1000 р. без напитков,
Dorian Gray,"бар, паб","Екатеринбург, ул. Антона Валека 15","Пн–Чт: 12:00 — 00:00, Пт–Сб: 12:00 — 05:00, Вс: 12:00 — 00:00",9.2,Средний чек 1900 р. без напитков,
Shalom Shanghai,"бар, паб","Екатеринбург, Добавить отзыв","Пн: Выходной, Вт–Чт: 18:00 — 02:00, Пт–Сб: 18:00 — 05:00, Вс: Выходной",0,Средний чек 700 р. без напитков,
Pashkin Bar,"бар, паб","Екатеринбург, ул. Розы Люксембург 19","Пн–Чт: 12:00 — 02:00, Пт: 12:00 — 04:00, Сб–Вс: 15:00 — 02:00",9.1,Средний чек 2000 р. без напитков,
Britannia,"бар, паб","Екатеринбург, Добавить отзыв","Пн–Чт: 12:00 — 01:00, Пт–Сб: 12:00 — 02:00, Вс: 12:00 — 01:00",0,Средний чек 1500 р. без напитков,
Royal Pub & Restaurant,"бар, паб","Екатеринбург, ул. Победы 51а","Пн–Чт: 13:00 — 00:00, Пт: 13:00 — 05:00, Сб: 13:00 — 04:00, Вс: 13:00 — 00:00",6.5,Средний чек 2000 р. без напитков,
Brugge Brasserie Belge,"бар, паб","Екатеринбург, ул. Сакко и Ванцетти 61","Пн–Чт: 12:00 — 00:00, Пт: 12:00 — 02:00, Сб: 14:00 — 02:00, Вс: 14:00 — 00:00",8.2,Средний чек 1500 р. без напитков,
The Rosy Jane,"бар, паб","Екатеринбург, пр-т Ленина 32/34","Пн–Чт: 09:00 — 02:00, Пт–Сб: 09:00 — 06:00, Вс: 09:00 — 02:00",9.3,Средний чек 1500 р. без напитков,
New bar,"бар, паб","Екатеринбург, ул. 8 Марта 8Д",Пн–Вс: 18:00 — 06:00,8.3,Средний чек 700 р. без напитков,
Fjord,"бар, паб","Екатеринбург, ул. Пушкина 7","Пн–Чт: 17:00 — 00:00, Пт: 17:00 — 03:00, Сб: 17:00 — 02:00, Вс: 17:00 — 00:00",9.5,Средний чек 1500 р. без напитков,
Jawsspot,"бар, паб","Екатеринбург, Добавить отзыв",Пн–Вс: 15:00 — 23:00,0,Средний чек 500 р. без напитков,
Old Deer,"бар, паб","Екатеринбург, Добавить отзыв","Пн–Чт: 16:00 — 00:00, Пт–Сб: 14:00 — 02:00, Вс: 14:00 — 00:00",0,Средний чек 500 р. без напитков,
Тяга,"бар, паб","Екатеринбург, Добавить отзыв","Пн–Чт: 12:00 — 01:00, Пт: 12:00 — 03:00, Сб: 18:00 — 03:00, Вс: 18:00 — 01:00",0,Средний чек 300 р. без напитков,
Spaten Haus,"бар, паб","Екатеринбург, Добавить отзыв",Пн–Вс: Круглосуточно,0,Средний чек 1000 р. без напитков,
Нельсон Совин,"бар, паб","Екатеринбург, ул. Малышева 21/4","Пн–Чт: 16:00 — 00:00, Пт: 16:00 — 02:00, Сб: 15:00 — 02:00, Вс: 15:00 — 00:00",8.1,Средний чек 800 р. без напитков,
Old Deer,"бар, паб","Екатеринбург, Добавить отзыв",,0,Средний чек 500 р. без напитков,
Три толстяка,"бар, паб","Екатеринбург, Добавить отзыв","Пн–Чт: 14:00 — 02:00, Пт–Сб: 14:00 — 04:00, Вс: 14:00 — 02:00",0,Средний чек 1200 р. без напитков,
Bar.olo,"бар, паб","Екатеринбург, Добавить отзыв","Пн–Ср: 12:00 — 00:00, Чт–Сб: 12:00 — 02:00, Вс: 12:00 — 00:00",0,Средний чек 1000 р. без напитков,
Байки,"бар, паб","Екатеринбург, Добавить отзыв","Пн–Чт: 10:00 — 00:00, Пт–Сб: 10:00 — 02:00, Вс: 12:00 — 00:00",0,Средний чек 1000 р. без напитков,
Винный бар Соловьева,"бар, паб","Екатеринбург, Добавить отзыв",Пн–Вс: 00:00 — 23:59,0,Средний чек 1000 р. без напитков,
Sekta,"бар, паб","Екатеринбург, Добавить отзыв","Пн: 00:00, Вт–Чт: 18:00 — 00:00, Пт: 18:00 — 01:00, Сб: 16:00 — 01:00, Вс: 16:00 — 00:00",0,Средний чек 2500 р. без напитков,
Руки ВВерх!,"бар, паб","Екатеринбург, ул. Радищева 25",Пн–Вс: 18:00 — 06:00,10,Средний чек 1600 р. без напитков,
Артист,"бар, паб","Екатеринбург, ул. Московская 131","Пн–Чт: 20:00 — 03:00, Пт–Сб: 20:00 — 05:00, Вс: 20:00 — 03:00",7.9,Средний чек 1500 р. без напитков,
Duty Free,"бар, паб","Екатеринбург, Добавить отзыв","Пн: 23:00 — 06:00, Вт–Чт: Выходной, Пт–Сб: 23:00 — 07:00, Вс: Выходной",0,Средний чек 1000 р. без напитков,
Breadway,"бар, паб","Екатеринбург, Бориса Ельцина 6","Пн–Чт: 09:00 — 00:00, Пт–Сб: 09:00 — 01:00, Вс: 09:00 — 00:00",8.7,Средний чек 800 р. без напитков,
Haze Bar,"бар, паб","Екатеринбург, ул. Бажова 193","Пн–Чт: 11:00 — 02:00, Пт: 11:00 — 04:00, Сб: 14:00 — 04:00, Вс: 14:00 — 02:00",9.8,Средний чек 1200 р. без напитков,
Dirty Dance bar,"бар, паб","Екатеринбург, Добавить отзыв",Пн–Вс: 21:00 — 06:00,0,Средний чек 1000 р. без напитков,
Фабрика,"бар, паб","Екатеринбург, пер. Центральный рынок 6","Пн–Пт: 18:00 — 22:00, Сб–Вс: 18:00 — 06:00",8.8,Средний чек 1000 р. без напитков,
Boozer,"бар, паб","Екатеринбург, Добавить отзыв","Пн–Ср: 12:00 — 01:00, Чт: 12:00 — 02:00, Пт: 12:00 — 05:00, Сб: 20:00 — 05:00, Вс: Выходной",0,Средний чек 1200 р. без напитков,
Nebar,"бар, паб","Екатеринбург, ул. Радищева 25",Пн–Вс: 18:00 — 06:00,8.8,Средний чек 1800 р. без напитков,
Ptizza счастья,"бар, паб","Екатеринбург, ул. Малышева 53","Пн–Чт: 12:00 — 23:00, Пт–Сб: 12:00 — 00:00, Вс: 12:00 — 23:00",8.8,Средний чек 1000 р. без напитков,
Plov Project,"бар, паб","Екатеринбург, ул. Вайнера 9а","Пн–Чт: 12:00 — 01:00, Пт–Сб: 12:00 — 02:00, Вс: 12:00 — 01:00",9.1,Средний чек 1100 р. без напитков,
Shelest,"бар, паб","Екатеринбург, Добавить отзыв","Пн–Чт: 12:00 — 00:00, Пт–Сб: 12:00 — 01:00, Вс: 12:00 — 00:00",0,Средний чек 2000 р. без напитков,
Pravda Lounge,"бар, паб","Екатеринбург, Добавить отзыв","Пн–Чт: 16:00 — 02:00, Пт–Сб: 16:00 — 04:00, Вс: 16:00 — 02:00",0,Средний чек 1000 р. без напитков,
Сапфир,"бар, паб","Екатеринбург, Добавить отзыв","Пн–Чт: 12:00 — 00:00, Пт–Сб: 12:00 — 01:00, Вс: 12:00 — 00:00",0,Средний чек 500 р. без напитков,
Intouch,"бар, паб","Екатеринбург, Добавить отзыв","Пн–Чт: 18:00 — 03:00, Пт–Сб: 18:00 — 05:00, Вс: 18:00 — 03:00",0,Средний чек 1200 р. без напитков,
Dorian Gray,"бар, паб","Екатеринбург, ул. Антона Валека 15","Пн–Чт: 12:00 — 00:00, Пт–Сб: 12:00 — 05:00, Вс: 12:00 — 00:00",9.2,Средний чек 1900 р. без напитков,
TGI Fridays,"бар, паб","Екатеринбург, ул. 8 Марта 8д","Пн–Чт: 12:00 — 22:00, Пт–Сб: 12:00 — 00:00, Вс: 12:00 — 22:00",5.8,Средний чек 1200 р. без напитков,
Shalom Shanghai,"бар, паб","Екатеринбург, Добавить отзыв","Пн: Выходной, Вт–Чт: 18:00 — 02:00, Пт–Сб: 18:00 — 05:00, Вс: Выходной",0,Средний чек 700 р. без напитков,
The Out Bar,"бар, паб","Екатеринбург, ул. 8 Марта 31В","Пн–Вт: Выходной, Ср–Чт: 19:00 — 02:00, Пт–Сб: 19:00 — 05:00, Вс: Выходной",4,Средний чек 1200 р. без напитков,
The Optimist,"бар, паб","Екатеринбург, пр. Ленина 50б","Пн–Чт: 09:00 — 21:00, Пт: 09:00 — 04:00, Сб: 15:00 — 04:00, Вс: Выходной",8.1,Средний чек 1800 р. без напитков,
Stuff Bar,"бар, паб","Екатеринбург, ул. Белинского 132",Пн–Вс: 18:00 — 06:00,9.3,Средний чек 800 р. без напитков,
Royal Arbat,"бар, паб","Екатеринбург, Добавить отзыв",Пн–Вс: 19:00 — 06:00,0,Средний чек 2000 р. без напитков,
50 костей,"бар, паб","Екатеринбург, ул. 8 Марта 23","Пн–Чт: 12:00 — 00:00, Пт–Сб: 12:00 — 02:00, Вс: 14:00 — 00:00",8.4,Средний чек 1000 р. без напитков,
Ахинея,"бар, паб","Екатеринбург, Добавить отзыв","Пн–Чт: 14:00 — 02:00, Пт–Сб: 14:00 — 04:00, Вс: 14:00 — 02:00",0,Средний чек 1200 р. без напитков,
Martini Bar,"бар, паб","Екатеринбург, ул. 8 Марта 46","Пн–Чт: 12:00 — 22:00, Пт–Сб: 12:00 — 23:00, Вс: 12:00 — 22:00",8,Средний чек 500 р. без напитков,
New bar,"бар, паб","Екатеринбург, ул. 8 Марта 8Д",Пн–Вс: 18:00 — 06:00,8.3,Средний чек 700 р. без напитков,
James,"бар, паб","Екатеринбург, Добавить отзыв","Пн–Чт: 12:00 — 00:00, Пт–Сб: 12:00 — 02:00, Вс: 12:00 — 00:00",0,Средний чек 2000 р. без напитков,
Zажигалка,"бар, паб","Екатеринбург, Добавить отзыв",Пн–Вс: 22:00 — 06:00,0,,
Malina Aroma Room,"бар, паб","Екатеринбург, Добавить отзыв","Пн–Ср: Выходной, Чт: 21:00 — 02:00, Пт–Сб: 21:00 — 06:00, Вс: Выходной",0,Средний чек 800 р. без напитков,
Union,"бар, паб","Екатеринбург, Добавить отзыв","Пн–Ср: Выходной, Чт–Вс: 23:00 — 06:00",0,,
Kaifooi,"бар, паб","Екатеринбург, ул. Хохрякова 72",Пн–Вс: 16:00 — 02:00,6.5,Средний чек 500 р. без напитков,
Hills,"бар, паб","Екатеринбург, Добавить отзыв","Пн–Чт: 12:00 — 02:00, Пт–Сб: 12:00 — 04:00, Вс: 12:00 — 02:00",0,Средний чек 1000 р. без напитков,
Double Grill and Bar,"бар, паб","Екатеринбург, Добавить отзыв","Пн–Чт: 12:00 — 01:00, Пт: 12:00 — 02:00, Сб: 14:00 — 02:00, Вс: 14:00 — 00:00",0,Средний чек 1700 р. без напитков,
Air,"бар, паб","Екатеринбург, ул. Радищева 1","Пн–Чт: 16:00 — 02:00, Пт–Сб: 18:00 — 04:00, Вс: 16:00 — 02:00",8.8,Средний чек 700 р. без напитков,
1991,"бар, паб","Екатеринбург, Добавить отзыв",Пн–Вс: 08:00 — 22:00,0,Средний чек 1500 р. без напитков,
Fame Club,"бар, паб","Екатеринбург, Добавить отзыв","Пн–Вт: Выходной, Ср: 23:00 — 06:00, Чт: Выходной, Пт–Сб: 23:00 — 06:00, Вс: 00:00 — 06:00",0,Средний чек 1000 р. без напитков,
Дуть,"бар, паб","Екатеринбург, ул. Энгельса 36","Пн–Чт: 12:00 — 02:00, Пт–Сб: 12:00 — 04:00, Вс: 12:00 — 02:00",10,Средний чек 800 р. без напитков,
Градусы,"бар, паб","Екатеринбург, ул. 8 Марта 43","Пн–Ср: Выходной, Чт: 21:00 — 04:00, Пт–Сб: 21:00 — 06:00, Вс: Выходной",2.2,Средний чек 700 р. без напитков,
Bla Bla Bar,"бар, паб","Екатеринбург, ул. Добролюбова 3","Пн–Чт: 12:00 — 02:00, Пт–Сб: 14:00 — 06:00, Вс: 12:00 — 02:00",6,Средний чек 1200 р. без напитков,
Сплетни,"бар, паб","Екатеринбург, Куйбышева 61","Пн–Чт: 17:00 — 01:00, Пт–Сб: 17:00 — 04:00, Вс: 17:00 — 01:00",8.9,Средний чек 1000 р. без напитков,
Рохел,"бар, паб","Екатеринбург, ул. Первомайская 77","Пн–Пт: 11:00 — 00:00, Сб–Вс: 12:00 — 00:00",4.1,Средний чек 700 р. без напитков,
Негодяи,"бар, паб","Екатеринбург, просп. Ленина 20а","Пн–Чт: 12:00 — 01:00, Пт–Сб: 12:00 — 04:00, Вс: 12:00 — 01:00",9.2,Средний чек 1000 р. без напитков,
Мой Бар,"бар, паб","Екатеринбург, Вильгельма де Геннина 47","Пн–Чт: 12:00 — 00:00, Пт–Сб: 12:00 — 02:00, Вс: 12:00 — 00:00",8.6,Средний чек 700 р. без напитков,
Коллектив,"бар, паб","Екатеринбург, ул. 8 Марта 8Г","Пн–Чт: 18:00 — 02:00, Пт–Сб: 18:00 — 04:00, Вс: 18:00 — 02:00",9.2,Средний чек 700 р. без напитков,
Killfish,"бар, паб","Екатеринбург, ул. Вайнера 9а","Пн–Чт: 14:00 — 02:00, Пт–Сб: 14:00 — 03:00, Вс: 14:00 — 02:00",7.8,Средний чек 600 р. без напитков,
Bessonnica Lounge,"бар, паб","Екатеринбург, Добавить отзыв","Пн–Чт: 16:00 — 03:00, Пт–Сб: 16:00 — 05:00, Вс: 16:00 — 03:00",0,,
Killfish,"бар, паб","Екатеринбург, Добавить отзыв","Пн–Чт: 15:00 — 02:00, Пт–Сб: 15:00 — 03:00, Вс: 15:00 — 02:00",0,Средний чек 600 р. без напитков,
Plov Project,"бар, паб","Екатеринбург, Добавить отзыв","Пн–Чт: 12:01 — 01:00, Пт–Сб: 12:01 — 02:00, Вс: 12:01 — 01:00",0,Средний чек 1100 р. без напитков,
Черновик,"бар, паб","Екатеринбург, Добавить отзыв","Пн–Чт: 18:00 — 00:00, Пт–Сб: 18:00 — 03:00, Вс: 18:00 — 00:00",0,Средний чек 2500 р. без напитков,
